id;jour;mois;annee
1;Tue Feb 16 00:00:00 CET 2010;2;2010
2;Sun Jan 06 00:00:00 CET 2013;1;2013
3;Wed Sep 10 00:00:00 CEST 2014;9;2014
4;Thu Nov 13 00:00:00 CET 2014;11;2014
5;Sat Aug 16 00:00:00 CEST 2014;8;2014
6;Wed Jul 18 00:00:00 CEST 2012;7;2012
7;Sun Jun 12 00:00:00 CEST 2011;6;2011
8;Thu Jul 22 00:00:00 CEST 2010;7;2010
9;Sat Jul 09 00:00:00 CEST 2011;7;2011
10;Tue Feb 04 00:00:00 CET 2014;2;2014
11;Wed Dec 17 00:00:00 CET 2014;12;2014
12;Fri Aug 03 00:00:00 CEST 2012;8;2012
13;Wed Jan 13 00:00:00 CET 2010;1;2010
14;Sat Dec 27 00:00:00 CET 2014;12;2014
15;Sun Dec 16 00:00:00 CET 2012;12;2012
16;Wed Sep 07 00:00:00 CEST 2011;9;2011
17;Fri Jan 04 00:00:00 CET 2013;1;2013
18;Wed Jul 31 00:00:00 CEST 2013;7;2013
19;Fri Apr 29 00:00:00 CEST 2011;4;2011
20;Mon Nov 15 00:00:00 CET 2010;11;2010
21;Fri Jul 27 00:00:00 CEST 2012;7;2012
22;Sun Oct 20 00:00:00 CEST 2013;10;2013
23;Thu Dec 09 00:00:00 CET 2010;12;2010
24;Tue Mar 15 00:00:00 CET 2011;3;2011
25;Fri Oct 01 00:00:00 CEST 2010;10;2010
26;Thu Nov 08 00:00:00 CET 2012;11;2012
27;Wed Mar 13 00:00:00 CET 2013;3;2013
28;Tue Dec 18 00:00:00 CET 2012;12;2012
29;Fri Dec 10 00:00:00 CET 2010;12;2010
30;Mon Dec 22 00:00:00 CET 2014;12;2014
31;Mon Oct 14 00:00:00 CEST 2013;10;2013
32;Wed Feb 13 00:00:00 CET 2013;2;2013
33;Wed Apr 04 00:00:00 CEST 2012;4;2012
34;Mon Jan 23 00:00:00 CET 2012;1;2012
35;Thu May 01 00:00:00 CEST 2014;5;2014
36;Sun Jun 19 00:00:00 CEST 2011;6;2011
37;Wed Dec 11 00:00:00 CET 2013;12;2013
38;Mon Jan 06 00:00:00 CET 2014;1;2014
39;Sun Nov 27 00:00:00 CET 2011;11;2011
40;Mon Jan 04 00:00:00 CET 2010;1;2010
41;Sun Jan 15 00:00:00 CET 2012;1;2012
42;Sun Oct 24 00:00:00 CEST 2010;10;2010
43;Fri Apr 04 00:00:00 CEST 2014;4;2014
44;Fri Oct 12 00:00:00 CEST 2012;10;2012
45;Sun Aug 14 00:00:00 CEST 2011;8;2011
46;Mon Feb 03 00:00:00 CET 2014;2;2014
47;Tue Aug 13 00:00:00 CEST 2013;8;2013
48;Sun Feb 24 00:00:00 CET 2013;2;2013
49;Sun Jan 12 00:00:00 CET 2014;1;2014
50;Thu Jun 23 00:00:00 CEST 2011;6;2011
51;Sat Jun 04 00:00:00 CEST 2011;6;2011
52;Thu Jul 21 00:00:00 CEST 2011;7;2011
53;Sun Sep 15 00:00:00 CEST 2013;9;2013
54;Sat May 19 00:00:00 CEST 2012;5;2012
55;Tue Nov 02 00:00:00 CET 2010;11;2010
56;Tue May 01 00:00:00 CEST 2012;5;2012
57;Fri May 20 00:00:00 CEST 2011;5;2011
58;Thu Oct 06 00:00:00 CEST 2011;10;2011
59;Sun Sep 29 00:00:00 CEST 2013;9;2013
60;Tue Feb 18 00:00:00 CET 2014;2;2014
61;Fri Dec 02 00:00:00 CET 2011;12;2011
62;Sat Jun 18 00:00:00 CEST 2011;6;2011
63;Sun Nov 17 00:00:00 CET 2013;11;2013
64;Thu Mar 25 00:00:00 CET 2010;3;2010
65;Fri May 28 00:00:00 CEST 2010;5;2010
66;Sun Aug 01 00:00:00 CEST 2010;8;2010
67;Fri Jul 12 00:00:00 CEST 2013;7;2013
68;Sat Mar 23 00:00:00 CET 2013;3;2013
69;Tue Oct 21 00:00:00 CEST 2014;10;2014
70;Sun May 02 00:00:00 CEST 2010;5;2010
71;Sat May 28 00:00:00 CEST 2011;5;2011
72;Sun Jun 10 00:00:00 CEST 2012;6;2012
73;Sun Nov 13 00:00:00 CET 2011;11;2011
74;Tue Aug 30 00:00:00 CEST 2011;8;2011
75;Tue Jul 26 00:00:00 CEST 2011;7;2011
76;Thu Nov 07 00:00:00 CET 2013;11;2013
77;Sat Jul 17 00:00:00 CEST 2010;7;2010
78;Sat Oct 27 00:00:00 CEST 2012;10;2012
79;Fri Feb 08 00:00:00 CET 2013;2;2013
80;Fri Jul 08 00:00:00 CEST 2011;7;2011
81;Wed Nov 28 00:00:00 CET 2012;11;2012
82;Sun May 27 00:00:00 CEST 2012;5;2012
83;Sun Dec 01 00:00:00 CET 2013;12;2013
84;Thu May 19 00:00:00 CEST 2011;5;2011
85;Sat Oct 26 00:00:00 CEST 2013;10;2013
86;Mon Apr 04 00:00:00 CEST 2011;4;2011
87;Mon Jun 07 00:00:00 CEST 2010;6;2010
88;Thu Aug 15 00:00:00 CEST 2013;8;2013
89;Mon May 06 00:00:00 CEST 2013;5;2013
90;Tue Jan 25 00:00:00 CET 2011;1;2011
91;Fri Nov 26 00:00:00 CET 2010;11;2010
92;Fri May 02 00:00:00 CEST 2014;5;2014
93;Fri Oct 31 00:00:00 CET 2014;10;2014
94;Sun Sep 21 00:00:00 CEST 2014;9;2014
95;Sat Aug 02 00:00:00 CEST 2014;8;2014
96;Thu Feb 02 00:00:00 CET 2012;2;2012
97;Tue Jan 04 00:00:00 CET 2011;1;2011
98;Tue Jan 01 00:00:00 CET 2013;1;2013
99;Sat Nov 08 00:00:00 CET 2014;11;2014
100;Fri Dec 17 00:00:00 CET 2010;12;2010
101;Sat Jan 12 00:00:00 CET 2013;1;2013
102;Mon Oct 31 00:00:00 CET 2011;10;2011
103;Fri Dec 19 00:00:00 CET 2014;12;2014
104;Fri Jan 17 00:00:00 CET 2014;1;2014
105;Sat Oct 05 00:00:00 CEST 2013;10;2013
106;Tue Sep 13 00:00:00 CEST 2011;9;2011
107;Wed Apr 02 00:00:00 CEST 2014;4;2014
108;Mon Jan 28 00:00:00 CET 2013;1;2013
109;Fri Apr 16 00:00:00 CEST 2010;4;2010
110;Tue Jul 16 00:00:00 CEST 2013;7;2013
111;Tue Jan 19 00:00:00 CET 2010;1;2010
112;Thu Apr 24 00:00:00 CEST 2014;4;2014
113;Fri Jun 08 00:00:00 CEST 2012;6;2012
114;Thu Aug 14 00:00:00 CEST 2014;8;2014
115;Mon Dec 01 00:00:00 CET 2014;12;2014
116;Sun Aug 05 00:00:00 CEST 2012;8;2012
117;Sun Oct 16 00:00:00 CEST 2011;10;2011
118;Wed Apr 09 00:00:00 CEST 2014;4;2014
119;Tue Oct 02 00:00:00 CEST 2012;10;2012
120;Sun Dec 25 00:00:00 CET 2011;12;2011
121;Mon Nov 05 00:00:00 CET 2012;11;2012
122;Sun Aug 25 00:00:00 CEST 2013;8;2013
123;Thu May 24 00:00:00 CEST 2012;5;2012
124;Thu Oct 28 00:00:00 CEST 2010;10;2010
125;Mon Apr 01 00:00:00 CEST 2013;4;2013
126;Mon Apr 09 00:00:00 CEST 2012;4;2012
127;Wed Jul 02 00:00:00 CEST 2014;7;2014
128;Sat Feb 27 00:00:00 CET 2010;2;2010
129;Tue Aug 10 00:00:00 CEST 2010;8;2010
130;Mon Jul 04 00:00:00 CEST 2011;7;2011
131;Sat Apr 28 00:00:00 CEST 2012;4;2012
132;Mon Nov 01 00:00:00 CET 2010;11;2010
133;Wed Jan 01 00:00:00 CET 2014;1;2014
134;Thu Oct 02 00:00:00 CEST 2014;10;2014
135;Fri Mar 14 00:00:00 CET 2014;3;2014
136;Fri May 07 00:00:00 CEST 2010;5;2010
137;Fri Nov 16 00:00:00 CET 2012;11;2012
138;Sat Jan 15 00:00:00 CET 2011;1;2011
139;Thu May 12 00:00:00 CEST 2011;5;2011
140;Sat Oct 22 00:00:00 CEST 2011;10;2011
141;Fri Mar 30 00:00:00 CEST 2012;3;2012
142;Mon Jan 10 00:00:00 CET 2011;1;2011
143;Sat Aug 03 00:00:00 CEST 2013;8;2013
144;Fri Aug 27 00:00:00 CEST 2010;8;2010
145;Wed Jun 22 00:00:00 CEST 2011;6;2011
146;Tue Nov 18 00:00:00 CET 2014;11;2014
147;Thu Oct 10 00:00:00 CEST 2013;10;2013
148;Thu Aug 07 00:00:00 CEST 2014;8;2014
149;Thu Nov 10 00:00:00 CET 2011;11;2011
150;Sun Sep 14 00:00:00 CEST 2014;9;2014
151;Thu Oct 17 00:00:00 CEST 2013;10;2013
152;Thu May 17 00:00:00 CEST 2012;5;2012
153;Tue Feb 25 00:00:00 CET 2014;2;2014
154;Tue May 21 00:00:00 CEST 2013;5;2013
155;Tue Aug 06 00:00:00 CEST 2013;8;2013
156;Thu Oct 20 00:00:00 CEST 2011;10;2011
157;Fri Sep 23 00:00:00 CEST 2011;9;2011
158;Mon Sep 15 00:00:00 CEST 2014;9;2014
159;Wed Oct 19 00:00:00 CEST 2011;10;2011
160;Sat Dec 28 00:00:00 CET 2013;12;2013
161;Thu Mar 04 00:00:00 CET 2010;3;2010
162;Mon Mar 08 00:00:00 CET 2010;3;2010
163;Thu Jan 31 00:00:00 CET 2013;1;2013
164;Thu Jan 28 00:00:00 CET 2010;1;2010
165;Sat Feb 16 00:00:00 CET 2013;2;2013
166;Thu Jul 26 00:00:00 CEST 2012;7;2012
167;Sun Nov 21 00:00:00 CET 2010;11;2010
168;Mon Apr 07 00:00:00 CEST 2014;4;2014
169;Tue Dec 27 00:00:00 CET 2011;12;2011
170;Thu Aug 18 00:00:00 CEST 2011;8;2011
171;Thu Mar 15 00:00:00 CET 2012;3;2012
172;Fri May 13 00:00:00 CEST 2011;5;2011
173;Wed Apr 11 00:00:00 CEST 2012;4;2012
174;Sun Dec 15 00:00:00 CET 2013;12;2013
175;Sat May 21 00:00:00 CEST 2011;5;2011
176;Thu Oct 07 00:00:00 CEST 2010;10;2010
177;Fri Jul 20 00:00:00 CEST 2012;7;2012
178;Wed Mar 31 00:00:00 CEST 2010;3;2010
179;Tue Feb 22 00:00:00 CET 2011;2;2011
180;Sun Jan 09 00:00:00 CET 2011;1;2011
181;Sun Feb 19 00:00:00 CET 2012;2;2012
182;Thu Jul 07 00:00:00 CEST 2011;7;2011
183;Sun Aug 08 00:00:00 CEST 2010;8;2010
184;Wed Sep 24 00:00:00 CEST 2014;9;2014
185;Wed Mar 07 00:00:00 CET 2012;3;2012
186;Mon May 21 00:00:00 CEST 2012;5;2012
187;Mon May 10 00:00:00 CEST 2010;5;2010
188;Sat Aug 06 00:00:00 CEST 2011;8;2011
189;Thu Nov 28 00:00:00 CET 2013;11;2013
190;Fri Dec 30 00:00:00 CET 2011;12;2011
191;Sat Feb 26 00:00:00 CET 2011;2;2011
192;Fri Jun 15 00:00:00 CEST 2012;6;2012
193;Sat Jun 05 00:00:00 CEST 2010;6;2010
194;Thu Apr 18 00:00:00 CEST 2013;4;2013
195;Sat May 17 00:00:00 CEST 2014;5;2014
196;Thu Oct 18 00:00:00 CEST 2012;10;2012
197;Tue Apr 26 00:00:00 CEST 2011;4;2011
198;Fri Jun 03 00:00:00 CEST 2011;6;2011
199;Tue Jan 14 00:00:00 CET 2014;1;2014
200;Mon Mar 22 00:00:00 CET 2010;3;2010
201;Wed Apr 24 00:00:00 CEST 2013;4;2013
202;Sun Mar 16 00:00:00 CET 2014;3;2014
203;Mon Jun 30 00:00:00 CEST 2014;6;2014
204;Sat Mar 16 00:00:00 CET 2013;3;2013
205;Fri Mar 15 00:00:00 CET 2013;3;2013
206;Sat Apr 06 00:00:00 CEST 2013;4;2013
207;Mon Feb 25 00:00:00 CET 2013;2;2013
208;Thu Mar 20 00:00:00 CET 2014;3;2014
209;Sun May 19 00:00:00 CEST 2013;5;2013
210;Sat Aug 31 00:00:00 CEST 2013;8;2013
211;Fri Jun 14 00:00:00 CEST 2013;6;2013
212;Sat Jan 29 00:00:00 CET 2011;1;2011
213;Sat Apr 10 00:00:00 CEST 2010;4;2010
214;Fri Aug 15 00:00:00 CEST 2014;8;2014
215;Fri Aug 17 00:00:00 CEST 2012;8;2012
216;Mon Feb 17 00:00:00 CET 2014;2;2014
217;Mon Jun 28 00:00:00 CEST 2010;6;2010
218;Mon May 12 00:00:00 CEST 2014;5;2014
219;Fri Sep 13 00:00:00 CEST 2013;9;2013
220;Fri Jun 29 00:00:00 CEST 2012;6;2012
221;Fri Feb 26 00:00:00 CET 2010;2;2010
222;Fri Aug 12 00:00:00 CEST 2011;8;2011
223;Mon Aug 05 00:00:00 CEST 2013;8;2013
224;Mon Dec 27 00:00:00 CET 2010;12;2010
225;Wed Mar 16 00:00:00 CET 2011;3;2011
226;Thu Aug 12 00:00:00 CEST 2010;8;2010
227;Tue Jan 07 00:00:00 CET 2014;1;2014
228;Wed Jul 30 00:00:00 CEST 2014;7;2014
229;Thu Nov 21 00:00:00 CET 2013;11;2013
230;Tue Jan 31 00:00:00 CET 2012;1;2012
231;Wed Jul 07 00:00:00 CEST 2010;7;2010
232;Fri Feb 10 00:00:00 CET 2012;2;2012
233;Sat Sep 11 00:00:00 CEST 2010;9;2010
234;Tue Aug 23 00:00:00 CEST 2011;8;2011
235;Thu May 31 00:00:00 CEST 2012;5;2012
236;Sun Jun 02 00:00:00 CEST 2013;6;2013
237;Mon Aug 12 00:00:00 CEST 2013;8;2013
238;Fri Jul 11 00:00:00 CEST 2014;7;2014
239;Sun Aug 03 00:00:00 CEST 2014;8;2014
240;Thu Aug 28 00:00:00 CEST 2014;8;2014
241;Thu Jun 28 00:00:00 CEST 2012;6;2012
242;Tue Feb 08 00:00:00 CET 2011;2;2011
243;Sat Jan 16 00:00:00 CET 2010;1;2010
244;Wed Oct 13 00:00:00 CEST 2010;10;2010
245;Tue Mar 08 00:00:00 CET 2011;3;2011
246;Sat Feb 12 00:00:00 CET 2011;2;2011
247;Sat Apr 27 00:00:00 CEST 2013;4;2013
248;Mon Jun 11 00:00:00 CEST 2012;6;2012
249;Wed Nov 30 00:00:00 CET 2011;11;2011
250;Tue Sep 24 00:00:00 CEST 2013;9;2013
251;Thu Sep 08 00:00:00 CEST 2011;9;2011
252;Mon Jul 16 00:00:00 CEST 2012;7;2012
253;Tue Oct 16 00:00:00 CEST 2012;10;2012
254;Fri Oct 04 00:00:00 CEST 2013;10;2013
255;Thu Dec 11 00:00:00 CET 2014;12;2014
256;Wed Oct 17 00:00:00 CEST 2012;10;2012
257;Fri May 21 00:00:00 CEST 2010;5;2010
258;Tue Jun 14 00:00:00 CEST 2011;6;2011
259;Sat Feb 20 00:00:00 CET 2010;2;2010
260;Wed Aug 08 00:00:00 CEST 2012;8;2012
261;Sat Mar 06 00:00:00 CET 2010;3;2010
262;Thu Jan 09 00:00:00 CET 2014;1;2014
263;Thu Aug 01 00:00:00 CEST 2013;8;2013
264;Fri Nov 22 00:00:00 CET 2013;11;2013
265;Tue Nov 09 00:00:00 CET 2010;11;2010
266;Sun Dec 21 00:00:00 CET 2014;12;2014
267;Sat Mar 20 00:00:00 CET 2010;3;2010
268;Thu Oct 04 00:00:00 CEST 2012;10;2012
269;Thu Jul 24 00:00:00 CEST 2014;7;2014
270;Fri Mar 21 00:00:00 CET 2014;3;2014
271;Mon Sep 10 00:00:00 CEST 2012;9;2012
272;Wed Sep 04 00:00:00 CEST 2013;9;2013
273;Fri Apr 19 00:00:00 CEST 2013;4;2013
274;Wed Nov 05 00:00:00 CET 2014;11;2014
275;Sat Jun 01 00:00:00 CEST 2013;6;2013
276;Sun Feb 16 00:00:00 CET 2014;2;2014
277;Wed Aug 04 00:00:00 CEST 2010;8;2010
278;Sat Aug 20 00:00:00 CEST 2011;8;2011
279;Sun May 05 00:00:00 CEST 2013;5;2013
280;Thu Oct 21 00:00:00 CEST 2010;10;2010
281;Wed Oct 06 00:00:00 CEST 2010;10;2010
282;Mon Jul 25 00:00:00 CEST 2011;7;2011
283;Mon Apr 19 00:00:00 CEST 2010;4;2010
284;Thu Jan 19 00:00:00 CET 2012;1;2012
285;Thu Jan 02 00:00:00 CET 2014;1;2014
286;Sat Jan 19 00:00:00 CET 2013;1;2013
287;Thu Jul 01 00:00:00 CEST 2010;7;2010
288;Fri Dec 26 00:00:00 CET 2014;12;2014
289;Tue Feb 14 00:00:00 CET 2012;2;2012
290;Tue Dec 14 00:00:00 CET 2010;12;2010
291;Fri Jan 15 00:00:00 CET 2010;1;2010
292;Thu Apr 07 00:00:00 CEST 2011;4;2011
293;Mon Feb 24 00:00:00 CET 2014;2;2014
294;Tue Jul 19 00:00:00 CEST 2011;7;2011
295;Mon May 05 00:00:00 CEST 2014;5;2014
296;Mon May 14 00:00:00 CEST 2012;5;2012
297;Sat Jun 30 00:00:00 CEST 2012;6;2012
298;Sun Dec 30 00:00:00 CET 2012;12;2012
299;Sat Sep 06 00:00:00 CEST 2014;9;2014
300;Thu Aug 04 00:00:00 CEST 2011;8;2011
301;Tue Oct 15 00:00:00 CEST 2013;10;2013
302;Sun Jun 01 00:00:00 CEST 2014;6;2014
303;Sun Mar 02 00:00:00 CET 2014;3;2014
304;Sat Dec 10 00:00:00 CET 2011;12;2011
305;Sun Feb 20 00:00:00 CET 2011;2;2011
306;Sat May 08 00:00:00 CEST 2010;5;2010
307;Wed Jun 30 00:00:00 CEST 2010;6;2010
308;Thu Dec 19 00:00:00 CET 2013;12;2013
309;Wed Sep 03 00:00:00 CEST 2014;9;2014
310;Sun Dec 18 00:00:00 CET 2011;12;2011
311;Sun Mar 11 00:00:00 CET 2012;3;2012
312;Sat Dec 20 00:00:00 CET 2014;12;2014
313;Thu Jun 06 00:00:00 CEST 2013;6;2013
314;Mon Jul 26 00:00:00 CEST 2010;7;2010
315;Mon Feb 22 00:00:00 CET 2010;2;2010
316;Sat Feb 25 00:00:00 CET 2012;2;2012
317;Fri Jun 21 00:00:00 CEST 2013;6;2013
318;Tue Feb 15 00:00:00 CET 2011;2;2011
319;Tue May 18 00:00:00 CEST 2010;5;2010
320;Wed Jul 20 00:00:00 CEST 2011;7;2011
321;Sat Dec 11 00:00:00 CET 2010;12;2010
322;Tue Mar 18 00:00:00 CET 2014;3;2014
323;Tue Sep 23 00:00:00 CEST 2014;9;2014
324;Wed Mar 30 00:00:00 CEST 2011;3;2011
325;Sun Feb 28 00:00:00 CET 2010;2;2010
326;Sat Feb 22 00:00:00 CET 2014;2;2014
327;Sun Sep 02 00:00:00 CEST 2012;9;2012
328;Sat Nov 09 00:00:00 CET 2013;11;2013
329;Sat Jun 25 00:00:00 CEST 2011;6;2011
330;Mon Jul 01 00:00:00 CEST 2013;7;2013
331;Tue Apr 06 00:00:00 CEST 2010;4;2010
332;Sat Jan 22 00:00:00 CET 2011;1;2011
333;Thu Aug 23 00:00:00 CEST 2012;8;2012
334;Mon Mar 21 00:00:00 CET 2011;3;2011
335;Tue Oct 04 00:00:00 CEST 2011;10;2011
336;Tue Apr 22 00:00:00 CEST 2014;4;2014
337;Thu Dec 30 00:00:00 CET 2010;12;2010
338;Sat Mar 05 00:00:00 CET 2011;3;2011
339;Tue Dec 10 00:00:00 CET 2013;12;2013
340;Mon Mar 07 00:00:00 CET 2011;3;2011
341;Tue Nov 05 00:00:00 CET 2013;11;2013
342;Sat Sep 18 00:00:00 CEST 2010;9;2010
343;Fri Nov 21 00:00:00 CET 2014;11;2014
344;Thu May 26 00:00:00 CEST 2011;5;2011
345;Sat May 01 00:00:00 CEST 2010;5;2010
346;Tue Sep 16 00:00:00 CEST 2014;9;2014
347;Sun Oct 12 00:00:00 CEST 2014;10;2014
348;Thu Jan 17 00:00:00 CET 2013;1;2013
349;Tue Nov 01 00:00:00 CET 2011;11;2011
350;Sat Sep 29 00:00:00 CEST 2012;9;2012
351;Thu Nov 24 00:00:00 CET 2011;11;2011
352;Fri Feb 17 00:00:00 CET 2012;2;2012
353;Sat Jun 16 00:00:00 CEST 2012;6;2012
354;Sun Nov 06 00:00:00 CET 2011;11;2011
355;Sun Jul 27 00:00:00 CEST 2014;7;2014
356;Mon Mar 01 00:00:00 CET 2010;3;2010
357;Thu Jan 24 00:00:00 CET 2013;1;2013
358;Thu Jul 15 00:00:00 CEST 2010;7;2010
359;Thu May 03 00:00:00 CEST 2012;5;2012
360;Mon Sep 03 00:00:00 CEST 2012;9;2012
361;Tue Sep 27 00:00:00 CEST 2011;9;2011
362;Thu Jul 18 00:00:00 CEST 2013;7;2013
363;Fri Nov 29 00:00:00 CET 2013;11;2013
364;Tue Jan 08 00:00:00 CET 2013;1;2013
365;Sun Sep 12 00:00:00 CEST 2010;9;2010
366;Sun May 11 00:00:00 CEST 2014;5;2014
367;Mon Feb 04 00:00:00 CET 2013;2;2013
368;Fri Feb 24 00:00:00 CET 2012;2;2012
369;Wed Jun 06 00:00:00 CEST 2012;6;2012
370;Sat May 15 00:00:00 CEST 2010;5;2010
371;Wed Jan 15 00:00:00 CET 2014;1;2014
372;Sat Oct 11 00:00:00 CEST 2014;10;2014
373;Mon Nov 24 00:00:00 CET 2014;11;2014
374;Sun Apr 13 00:00:00 CEST 2014;4;2014
375;Wed Apr 14 00:00:00 CEST 2010;4;2010
376;Wed Aug 15 00:00:00 CEST 2012;8;2012
377;Sat Mar 19 00:00:00 CET 2011;3;2011
378;Mon Aug 04 00:00:00 CEST 2014;8;2014
379;Wed Jul 11 00:00:00 CEST 2012;7;2012
380;Sun Nov 09 00:00:00 CET 2014;11;2014
381;Fri Jan 10 00:00:00 CET 2014;1;2014
382;Sat Aug 10 00:00:00 CEST 2013;8;2013
383;Fri Feb 18 00:00:00 CET 2011;2;2011
384;Mon Jul 15 00:00:00 CEST 2013;7;2013
385;Fri Aug 01 00:00:00 CEST 2014;8;2014
386;Tue Dec 28 00:00:00 CET 2010;12;2010
387;Sun Jan 13 00:00:00 CET 2013;1;2013
388;Tue Oct 22 00:00:00 CEST 2013;10;2013
389;Mon Nov 08 00:00:00 CET 2010;11;2010
390;Sun Sep 19 00:00:00 CEST 2010;9;2010
391;Thu Jan 05 00:00:00 CET 2012;1;2012
392;Sun Aug 31 00:00:00 CEST 2014;8;2014
393;Mon Nov 17 00:00:00 CET 2014;11;2014
394;Wed Dec 24 00:00:00 CET 2014;12;2014
395;Sun Oct 30 00:00:00 CEST 2011;10;2011
396;Fri Oct 17 00:00:00 CEST 2014;10;2014
397;Fri Sep 02 00:00:00 CEST 2011;9;2011
398;Sun Mar 28 00:00:00 CET 2010;3;2010
399;Mon Nov 07 00:00:00 CET 2011;11;2011
400;Mon Jun 25 00:00:00 CEST 2012;6;2012
401;Mon May 27 00:00:00 CEST 2013;5;2013
402;Tue Jun 26 00:00:00 CEST 2012;6;2012
403;Thu Apr 29 00:00:00 CEST 2010;4;2010
404;Wed Jun 15 00:00:00 CEST 2011;6;2011
405;Wed Jun 04 00:00:00 CEST 2014;6;2014
406;Thu Apr 22 00:00:00 CEST 2010;4;2010
407;Mon Apr 25 00:00:00 CEST 2011;4;2011
408;Sat Jul 23 00:00:00 CEST 2011;7;2011
409;Thu Nov 11 00:00:00 CET 2010;11;2010
410;Wed Jul 16 00:00:00 CEST 2014;7;2014
411;Sun Jan 23 00:00:00 CET 2011;1;2011
412;Fri Mar 02 00:00:00 CET 2012;3;2012
413;Wed Jul 28 00:00:00 CEST 2010;7;2010
414;Mon Jul 29 00:00:00 CEST 2013;7;2013
415;Mon Feb 14 00:00:00 CET 2011;2;2011
416;Sat May 29 00:00:00 CEST 2010;5;2010
417;Thu Apr 19 00:00:00 CEST 2012;4;2012
418;Wed Jan 05 00:00:00 CET 2011;1;2011
419;Mon Oct 08 00:00:00 CEST 2012;10;2012
420;Mon Aug 18 00:00:00 CEST 2014;8;2014
421;Tue Jun 07 00:00:00 CEST 2011;6;2011
422;Mon Dec 12 00:00:00 CET 2011;12;2011
423;Sat Oct 19 00:00:00 CEST 2013;10;2013
424;Tue Nov 11 00:00:00 CET 2014;11;2014
425;Tue Jun 18 00:00:00 CEST 2013;6;2013
426;Mon Dec 17 00:00:00 CET 2012;12;2012
427;Mon Jan 14 00:00:00 CET 2013;1;2013
428;Tue Dec 30 00:00:00 CET 2014;12;2014
429;Tue Aug 27 00:00:00 CEST 2013;8;2013
430;Mon Jun 09 00:00:00 CEST 2014;6;2014
431;Fri Aug 02 00:00:00 CEST 2013;8;2013
432;Wed Mar 23 00:00:00 CET 2011;3;2011
433;Thu Jul 03 00:00:00 CEST 2014;7;2014
434;Fri Jun 10 00:00:00 CEST 2011;6;2011
435;Mon Jan 24 00:00:00 CET 2011;1;2011
436;Wed May 28 00:00:00 CEST 2014;5;2014
437;Thu Sep 13 00:00:00 CEST 2012;9;2012
438;Fri Nov 09 00:00:00 CET 2012;11;2012
439;Thu Oct 03 00:00:00 CEST 2013;10;2013
440;Sun Jul 24 00:00:00 CEST 2011;7;2011
441;Mon Aug 06 00:00:00 CEST 2012;8;2012
442;Fri Nov 18 00:00:00 CET 2011;11;2011
443;Tue Dec 23 00:00:00 CET 2014;12;2014
444;Sun Apr 18 00:00:00 CEST 2010;4;2010
445;Mon Oct 20 00:00:00 CEST 2014;10;2014
446;Mon Feb 08 00:00:00 CET 2010;2;2010
447;Fri Mar 16 00:00:00 CET 2012;3;2012
448;Sun Aug 11 00:00:00 CEST 2013;8;2013
449;Thu Jan 20 00:00:00 CET 2011;1;2011
450;Wed Jan 20 00:00:00 CET 2010;1;2010
451;Wed May 01 00:00:00 CEST 2013;5;2013
452;Fri Sep 06 00:00:00 CEST 2013;9;2013
453;Wed Jan 29 00:00:00 CET 2014;1;2014
454;Mon Aug 27 00:00:00 CEST 2012;8;2012
455;Wed Jun 29 00:00:00 CEST 2011;6;2011
456;Thu Jul 12 00:00:00 CEST 2012;7;2012
457;Fri Apr 30 00:00:00 CEST 2010;4;2010
458;Fri Apr 20 00:00:00 CEST 2012;4;2012
459;Fri Feb 21 00:00:00 CET 2014;2;2014
460;Sat Mar 26 00:00:00 CET 2011;3;2011
461;Wed Jun 27 00:00:00 CEST 2012;6;2012
462;Sat Nov 10 00:00:00 CET 2012;11;2012
463;Wed May 12 00:00:00 CEST 2010;5;2010
464;Thu Sep 05 00:00:00 CEST 2013;9;2013
465;Wed Oct 29 00:00:00 CET 2014;10;2014
466;Mon Jan 09 00:00:00 CET 2012;1;2012
467;Thu Mar 24 00:00:00 CET 2011;3;2011
468;Thu Jan 23 00:00:00 CET 2014;1;2014
469;Sun Jun 30 00:00:00 CEST 2013;6;2013
470;Sat Oct 13 00:00:00 CEST 2012;10;2012
471;Sat Mar 08 00:00:00 CET 2014;3;2014
472;Thu Apr 17 00:00:00 CEST 2014;4;2014
473;Mon Apr 15 00:00:00 CEST 2013;4;2013
474;Wed Apr 06 00:00:00 CEST 2011;4;2011
475;Sat Feb 01 00:00:00 CET 2014;2;2014
476;Sun Jan 24 00:00:00 CET 2010;1;2010
477;Sun Oct 10 00:00:00 CEST 2010;10;2010
478;Fri Jul 19 00:00:00 CEST 2013;7;2013
479;Tue May 14 00:00:00 CEST 2013;5;2013
480;Wed Nov 07 00:00:00 CET 2012;11;2012
481;Mon Aug 23 00:00:00 CEST 2010;8;2010
482;Mon Feb 18 00:00:00 CET 2013;2;2013
483;Thu Apr 15 00:00:00 CEST 2010;4;2010
484;Thu Mar 17 00:00:00 CET 2011;3;2011
485;Fri May 27 00:00:00 CEST 2011;5;2011
486;Thu Jun 09 00:00:00 CEST 2011;6;2011
487;Tue Mar 25 00:00:00 CET 2014;3;2014
488;Sat Jun 21 00:00:00 CEST 2014;6;2014
489;Mon Aug 09 00:00:00 CEST 2010;8;2010
490;Tue Jan 05 00:00:00 CET 2010;1;2010
491;Wed Sep 08 00:00:00 CEST 2010;9;2010
492;Fri Jun 24 00:00:00 CEST 2011;6;2011
493;Wed Jan 23 00:00:00 CET 2013;1;2013
494;Sat Aug 11 00:00:00 CEST 2012;8;2012
495;Wed Aug 06 00:00:00 CEST 2014;8;2014
496;Sat Jul 10 00:00:00 CEST 2010;7;2010
497;Mon Mar 18 00:00:00 CET 2013;3;2013
498;Tue Sep 10 00:00:00 CEST 2013;9;2013
499;Sun Jan 26 00:00:00 CET 2014;1;2014
500;Wed Feb 09 00:00:00 CET 2011;2;2011
501;Tue May 28 00:00:00 CEST 2013;5;2013
502;Thu Jun 21 00:00:00 CEST 2012;6;2012
503;Sun Dec 19 00:00:00 CET 2010;12;2010
504;Sat Sep 20 00:00:00 CEST 2014;9;2014
505;Mon Apr 21 00:00:00 CEST 2014;4;2014
506;Tue Sep 02 00:00:00 CEST 2014;9;2014
507;Thu Apr 28 00:00:00 CEST 2011;4;2011
508;Mon Apr 22 00:00:00 CEST 2013;4;2013
509;Mon Nov 21 00:00:00 CET 2011;11;2011
510;Sun Apr 07 00:00:00 CEST 2013;4;2013
511;Fri Jun 01 00:00:00 CEST 2012;6;2012
512;Fri Nov 01 00:00:00 CET 2013;11;2013
513;Thu Sep 15 00:00:00 CEST 2011;9;2011
514;Sat Sep 21 00:00:00 CEST 2013;9;2013
515;Sun Aug 26 00:00:00 CEST 2012;8;2012
516;Thu Oct 25 00:00:00 CEST 2012;10;2012
517;Thu Oct 09 00:00:00 CEST 2014;10;2014
518;Wed Mar 26 00:00:00 CET 2014;3;2014
519;Sun Jan 08 00:00:00 CET 2012;1;2012
520;Wed Feb 06 00:00:00 CET 2013;2;2013
521;Sat Oct 08 00:00:00 CEST 2011;10;2011
522;Sun Mar 21 00:00:00 CET 2010;3;2010
523;Mon May 24 00:00:00 CEST 2010;5;2010
524;Thu Dec 15 00:00:00 CET 2011;12;2011
525;Sat Dec 18 00:00:00 CET 2010;12;2010
526;Wed Dec 07 00:00:00 CET 2011;12;2011
527;Wed Apr 30 00:00:00 CEST 2014;4;2014
528;Thu Aug 09 00:00:00 CEST 2012;8;2012
529;Wed Mar 02 00:00:00 CET 2011;3;2011
530;Thu Jun 07 00:00:00 CEST 2012;6;2012
531;Mon Apr 08 00:00:00 CEST 2013;4;2013
532;Fri Feb 07 00:00:00 CET 2014;2;2014
533;Sat Apr 19 00:00:00 CEST 2014;4;2014
534;Mon Jul 05 00:00:00 CEST 2010;7;2010
535;Fri Mar 12 00:00:00 CET 2010;3;2010
536;Sat Jun 07 00:00:00 CEST 2014;6;2014
537;Mon Jul 11 00:00:00 CEST 2011;7;2011
538;Tue Jun 01 00:00:00 CEST 2010;6;2010
539;Thu Jun 13 00:00:00 CEST 2013;6;2013
540;Wed Dec 21 00:00:00 CET 2011;12;2011
541;Sun Mar 23 00:00:00 CET 2014;3;2014
542;Wed Nov 24 00:00:00 CET 2010;11;2010
543;Mon Oct 04 00:00:00 CEST 2010;10;2010
544;Mon Sep 16 00:00:00 CEST 2013;9;2013
545;Wed Dec 18 00:00:00 CET 2013;12;2013
546;Tue Dec 03 00:00:00 CET 2013;12;2013
547;Sun Jul 08 00:00:00 CEST 2012;7;2012
548;Sat Feb 18 00:00:00 CET 2012;2;2012
549;Tue Jul 24 00:00:00 CEST 2012;7;2012
550;Mon Aug 20 00:00:00 CEST 2012;8;2012
551;Sun Dec 12 00:00:00 CET 2010;12;2010
552;Wed Feb 12 00:00:00 CET 2014;2;2014
553;Tue Sep 20 00:00:00 CEST 2011;9;2011
554;Tue Apr 10 00:00:00 CEST 2012;4;2012
555;Thu Jul 08 00:00:00 CEST 2010;7;2010
556;Sun Dec 23 00:00:00 CET 2012;12;2012
557;Thu Aug 21 00:00:00 CEST 2014;8;2014
558;Fri Nov 11 00:00:00 CET 2011;11;2011
559;Sat Apr 07 00:00:00 CEST 2012;4;2012
560;Wed Apr 10 00:00:00 CEST 2013;4;2013
561;Tue Mar 09 00:00:00 CET 2010;3;2010
562;Fri Apr 27 00:00:00 CEST 2012;4;2012
563;Sun Dec 08 00:00:00 CET 2013;12;2013
564;Wed Mar 09 00:00:00 CET 2011;3;2011
565;Sat Jun 28 00:00:00 CEST 2014;6;2014
566;Sat Nov 01 00:00:00 CET 2014;11;2014
567;Wed Oct 03 00:00:00 CEST 2012;10;2012
568;Tue Oct 08 00:00:00 CEST 2013;10;2013
569;Tue Oct 11 00:00:00 CEST 2011;10;2011
570;Fri Apr 15 00:00:00 CEST 2011;4;2011
571;Tue Apr 19 00:00:00 CEST 2011;4;2011
572;Fri Sep 20 00:00:00 CEST 2013;9;2013
573;Tue Mar 19 00:00:00 CET 2013;3;2013
574;Tue Jan 15 00:00:00 CET 2013;1;2013
575;Sat Jun 22 00:00:00 CEST 2013;6;2013
576;Sun Nov 18 00:00:00 CET 2012;11;2012
577;Tue Feb 19 00:00:00 CET 2013;2;2013
578;Wed Mar 06 00:00:00 CET 2013;3;2013
579;Sun Mar 20 00:00:00 CET 2011;3;2011
580;Thu Sep 22 00:00:00 CEST 2011;9;2011
581;Sun Oct 13 00:00:00 CEST 2013;10;2013
582;Tue Jun 24 00:00:00 CEST 2014;6;2014
583;Sun Nov 28 00:00:00 CET 2010;11;2010
584;Fri Jul 01 00:00:00 CEST 2011;7;2011
585;Sat Nov 20 00:00:00 CET 2010;11;2010
586;Sun Apr 10 00:00:00 CEST 2011;4;2011
587;Sun Mar 03 00:00:00 CET 2013;3;2013
588;Tue Jan 17 00:00:00 CET 2012;1;2012
589;Mon Nov 29 00:00:00 CET 2010;11;2010
590;Sat Oct 04 00:00:00 CEST 2014;10;2014
591;Wed Sep 28 00:00:00 CEST 2011;9;2011
592;Sat Nov 15 00:00:00 CET 2014;11;2014
593;Wed Jun 02 00:00:00 CEST 2010;6;2010
594;Sun Jul 25 00:00:00 CEST 2010;7;2010
595;Thu Dec 08 00:00:00 CET 2011;12;2011
596;Wed Nov 26 00:00:00 CET 2014;11;2014
597;Fri Nov 15 00:00:00 CET 2013;11;2013
598;Fri Nov 02 00:00:00 CET 2012;11;2012
599;Fri Jan 22 00:00:00 CET 2010;1;2010
600;Sat Jul 05 00:00:00 CEST 2014;7;2014
601;Sun May 01 00:00:00 CEST 2011;5;2011
602;Sat Jan 05 00:00:00 CET 2013;1;2013
603;Thu Dec 29 00:00:00 CET 2011;12;2011
604;Thu Jun 30 00:00:00 CEST 2011;6;2011
605;Wed Nov 27 00:00:00 CET 2013;11;2013
606;Sun Jul 28 00:00:00 CEST 2013;7;2013
607;Sat Dec 17 00:00:00 CET 2011;12;2011
608;Sat Aug 28 00:00:00 CEST 2010;8;2010
609;Wed Oct 20 00:00:00 CEST 2010;10;2010
610;Wed Apr 13 00:00:00 CEST 2011;4;2011
611;Mon Jan 27 00:00:00 CET 2014;1;2014
612;Thu Oct 14 00:00:00 CEST 2010;10;2010
613;Sat Nov 12 00:00:00 CET 2011;11;2011
614;Tue Aug 02 00:00:00 CEST 2011;8;2011
615;Tue Aug 26 00:00:00 CEST 2014;8;2014
616;Mon Aug 01 00:00:00 CEST 2011;8;2011
617;Thu Nov 01 00:00:00 CET 2012;11;2012
618;Fri Jul 29 00:00:00 CEST 2011;7;2011
619;Wed Sep 22 00:00:00 CEST 2010;9;2010
620;Sat Sep 14 00:00:00 CEST 2013;9;2013
621;Tue Jun 22 00:00:00 CEST 2010;6;2010
622;Sun Apr 29 00:00:00 CEST 2012;4;2012
623;Wed Mar 20 00:00:00 CET 2013;3;2013
624;Sat Oct 30 00:00:00 CEST 2010;10;2010
625;Wed Sep 11 00:00:00 CEST 2013;9;2013
626;Mon Mar 14 00:00:00 CET 2011;3;2011
627;Sun Mar 14 00:00:00 CET 2010;3;2010
628;Thu Mar 14 00:00:00 CET 2013;3;2013
629;Thu Oct 30 00:00:00 CET 2014;10;2014
630;Wed Jul 10 00:00:00 CEST 2013;7;2013
631;Fri Jun 06 00:00:00 CEST 2014;6;2014
632;Tue May 04 00:00:00 CEST 2010;5;2010
633;Sun Sep 18 00:00:00 CEST 2011;9;2011
634;Sat Nov 19 00:00:00 CET 2011;11;2011
635;Fri Jan 08 00:00:00 CET 2010;1;2010
636;Thu May 02 00:00:00 CEST 2013;5;2013
637;Wed Mar 14 00:00:00 CET 2012;3;2012
638;Sat Oct 15 00:00:00 CEST 2011;10;2011
639;Thu Nov 04 00:00:00 CET 2010;11;2010
640;Thu Dec 04 00:00:00 CET 2014;12;2014
641;Tue Dec 21 00:00:00 CET 2010;12;2010
642;Fri Jul 18 00:00:00 CEST 2014;7;2014
643;Sat Nov 17 00:00:00 CET 2012;11;2012
644;Sat Oct 18 00:00:00 CEST 2014;10;2014
645;Tue Mar 12 00:00:00 CET 2013;3;2013
646;Sun Jan 02 00:00:00 CET 2011;1;2011
647;Thu Oct 31 00:00:00 CET 2013;10;2013
648;Wed Jul 13 00:00:00 CEST 2011;7;2011
649;Mon Jul 07 00:00:00 CEST 2014;7;2014
650;Fri Aug 06 00:00:00 CEST 2010;8;2010
651;Tue Jul 08 00:00:00 CEST 2014;7;2014
652;Sat Mar 27 00:00:00 CET 2010;3;2010
653;Wed Nov 17 00:00:00 CET 2010;11;2010
654;Sat Nov 23 00:00:00 CET 2013;11;2013
655;Sat May 12 00:00:00 CEST 2012;5;2012
656;Sun Dec 11 00:00:00 CET 2011;12;2011
657;Fri Jun 04 00:00:00 CEST 2010;6;2010
658;Sat Dec 08 00:00:00 CET 2012;12;2012
659;Thu Jul 04 00:00:00 CEST 2013;7;2013
660;Fri Feb 14 00:00:00 CET 2014;2;2014
661;Mon Sep 20 00:00:00 CEST 2010;9;2010
662;Tue Aug 28 00:00:00 CEST 2012;8;2012
663;Thu Apr 05 00:00:00 CEST 2012;4;2012
664;Tue Mar 20 00:00:00 CET 2012;3;2012
665;Fri Jun 17 00:00:00 CEST 2011;6;2011
666;Fri Mar 05 00:00:00 CET 2010;3;2010
667;Fri Aug 31 00:00:00 CEST 2012;8;2012
668;Tue Apr 02 00:00:00 CEST 2013;4;2013
669;Sat Dec 14 00:00:00 CET 2013;12;2013
670;Fri Sep 24 00:00:00 CEST 2010;9;2010
671;Thu Sep 25 00:00:00 CEST 2014;9;2014
672;Sun Jan 10 00:00:00 CET 2010;1;2010
673;Wed Jan 25 00:00:00 CET 2012;1;2012
674;Sat Nov 22 00:00:00 CET 2014;11;2014
675;Fri Aug 13 00:00:00 CEST 2010;8;2010
676;Tue May 13 00:00:00 CEST 2014;5;2014
677;Wed Aug 07 00:00:00 CEST 2013;8;2013
678;Fri May 30 00:00:00 CEST 2014;5;2014
679;Wed Jul 17 00:00:00 CEST 2013;7;2013
680;Tue Feb 11 00:00:00 CET 2014;2;2014
681;Thu Sep 30 00:00:00 CEST 2010;9;2010
682;Mon Oct 11 00:00:00 CEST 2010;10;2010
683;Wed Aug 14 00:00:00 CEST 2013;8;2013
684;Mon Sep 27 00:00:00 CEST 2010;9;2010
685;Tue Apr 13 00:00:00 CEST 2010;4;2010
686;Tue May 11 00:00:00 CEST 2010;5;2010
687;Sat Dec 21 00:00:00 CET 2013;12;2013
688;Thu Jan 30 00:00:00 CET 2014;1;2014
689;Fri Feb 05 00:00:00 CET 2010;2;2010
690;Thu Jun 27 00:00:00 CEST 2013;6;2013
691;Tue Jun 10 00:00:00 CEST 2014;6;2014
692;Fri Nov 04 00:00:00 CET 2011;11;2011
693;Mon Mar 29 00:00:00 CEST 2010;3;2010
694;Thu Feb 17 00:00:00 CET 2011;2;2011
695;Mon Aug 30 00:00:00 CEST 2010;8;2010
696;Thu May 05 00:00:00 CEST 2011;5;2011
697;Sat Jan 04 00:00:00 CET 2014;1;2014
698;Tue Aug 09 00:00:00 CEST 2011;8;2011
699;Tue Oct 29 00:00:00 CET 2013;10;2013
700;Fri Oct 24 00:00:00 CEST 2014;10;2014
701;Wed Jan 22 00:00:00 CET 2014;1;2014
702;Mon Oct 03 00:00:00 CEST 2011;10;2011
703;Wed Oct 24 00:00:00 CEST 2012;10;2012
704;Tue Aug 14 00:00:00 CEST 2012;8;2012
705;Sat Jun 14 00:00:00 CEST 2014;6;2014
706;Sat Aug 23 00:00:00 CEST 2014;8;2014
707;Tue Jul 22 00:00:00 CEST 2014;7;2014
708;Thu Feb 21 00:00:00 CET 2013;2;2013
709;Tue Nov 29 00:00:00 CET 2011;11;2011
710;Fri Feb 22 00:00:00 CET 2013;2;2013
711;Sat Apr 17 00:00:00 CEST 2010;4;2010
712;Fri Dec 27 00:00:00 CET 2013;12;2013
713;Sun Mar 10 00:00:00 CET 2013;3;2013
714;Tue Nov 26 00:00:00 CET 2013;11;2013
715;Sun Nov 03 00:00:00 CET 2013;11;2013
716;Wed Nov 13 00:00:00 CET 2013;11;2013
717;Mon Apr 14 00:00:00 CEST 2014;4;2014
718;Mon Jun 23 00:00:00 CEST 2014;6;2014
719;Sat Dec 04 00:00:00 CET 2010;12;2010
720;Sat Apr 23 00:00:00 CEST 2011;4;2011
721;Mon Oct 01 00:00:00 CEST 2012;10;2012
722;Thu Dec 20 00:00:00 CET 2012;12;2012
723;Mon Feb 28 00:00:00 CET 2011;2;2011
724;Fri Sep 26 00:00:00 CEST 2014;9;2014
725;Mon Aug 16 00:00:00 CEST 2010;8;2010
726;Sat Feb 19 00:00:00 CET 2011;2;2011
727;Sun May 26 00:00:00 CEST 2013;5;2013
728;Wed Jul 03 00:00:00 CEST 2013;7;2013
729;Mon Jun 24 00:00:00 CEST 2013;6;2013
730;Mon Jun 21 00:00:00 CEST 2010;6;2010
731;Tue Nov 25 00:00:00 CET 2014;11;2014
732;Fri Sep 30 00:00:00 CEST 2011;9;2011
733;Fri Feb 25 00:00:00 CET 2011;2;2011
734;Wed Sep 21 00:00:00 CEST 2011;9;2011
735;Wed Dec 03 00:00:00 CET 2014;12;2014
736;Fri Apr 09 00:00:00 CEST 2010;4;2010
737;Sun Apr 11 00:00:00 CEST 2010;4;2010
738;Thu Nov 25 00:00:00 CET 2010;11;2010
739;Sun Jun 20 00:00:00 CEST 2010;6;2010
740;Wed May 07 00:00:00 CEST 2014;5;2014
741;Thu Feb 16 00:00:00 CET 2012;2;2012
742;Tue Jun 12 00:00:00 CEST 2012;6;2012
743;Sat Jul 20 00:00:00 CEST 2013;7;2013
744;Sun Nov 24 00:00:00 CET 2013;11;2013
745;Mon Dec 03 00:00:00 CET 2012;12;2012
746;Sun May 23 00:00:00 CEST 2010;5;2010
747;Fri Jul 06 00:00:00 CEST 2012;7;2012
748;Mon Oct 28 00:00:00 CET 2013;10;2013
749;Fri Apr 12 00:00:00 CEST 2013;4;2013
750;Sun Nov 11 00:00:00 CET 2012;11;2012
751;Fri Mar 23 00:00:00 CET 2012;3;2012
752;Fri Jul 15 00:00:00 CEST 2011;7;2011
753;Tue Apr 12 00:00:00 CEST 2011;4;2011
754;Fri Sep 21 00:00:00 CEST 2012;9;2012
755;Tue Mar 23 00:00:00 CET 2010;3;2010
756;Sat Nov 03 00:00:00 CET 2012;11;2012
757;Sun Nov 04 00:00:00 CET 2012;11;2012
758;Wed Dec 15 00:00:00 CET 2010;12;2010
759;Fri Oct 25 00:00:00 CEST 2013;10;2013
760;Mon May 03 00:00:00 CEST 2010;5;2010
761;Sat Apr 20 00:00:00 CEST 2013;4;2013
762;Tue Jun 08 00:00:00 CEST 2010;6;2010
763;Mon Feb 07 00:00:00 CET 2011;2;2011
764;Tue Sep 06 00:00:00 CEST 2011;9;2011
765;Mon Jun 18 00:00:00 CEST 2012;6;2012
766;Fri Mar 29 00:00:00 CET 2013;3;2013
767;Wed Jul 25 00:00:00 CEST 2012;7;2012
768;Sun Feb 13 00:00:00 CET 2011;2;2011
769;Tue Mar 13 00:00:00 CET 2012;3;2012
770;Tue Dec 17 00:00:00 CET 2013;12;2013
771;Mon Dec 15 00:00:00 CET 2014;12;2014
772;Fri Apr 23 00:00:00 CEST 2010;4;2010
773;Mon Dec 10 00:00:00 CET 2012;12;2012
774;Fri Nov 25 00:00:00 CET 2011;11;2011
775;Wed Apr 20 00:00:00 CEST 2011;4;2011
776;Sat Sep 08 00:00:00 CEST 2012;9;2012
777;Wed Nov 19 00:00:00 CET 2014;11;2014
778;Tue Sep 30 00:00:00 CEST 2014;9;2014
779;Fri Apr 11 00:00:00 CEST 2014;4;2014
780;Tue Jul 02 00:00:00 CEST 2013;7;2013
781;Wed Aug 31 00:00:00 CEST 2011;8;2011
782;Sun Jul 21 00:00:00 CEST 2013;7;2013
783;Mon Nov 25 00:00:00 CET 2013;11;2013
784;Sun Mar 07 00:00:00 CET 2010;3;2010
785;Thu Nov 20 00:00:00 CET 2014;11;2014
786;Wed Nov 16 00:00:00 CET 2011;11;2011
787;Sun Apr 22 00:00:00 CEST 2012;4;2012
788;Fri Jul 25 00:00:00 CEST 2014;7;2014
789;Fri Aug 26 00:00:00 CEST 2011;8;2011
790;Fri Jul 22 00:00:00 CEST 2011;7;2011
791;Tue Apr 20 00:00:00 CEST 2010;4;2010
792;Sun Mar 17 00:00:00 CET 2013;3;2013
793;Sat Oct 12 00:00:00 CEST 2013;10;2013
794;Fri Sep 05 00:00:00 CEST 2014;9;2014
795;Tue Dec 11 00:00:00 CET 2012;12;2012
796;Sun Oct 03 00:00:00 CEST 2010;10;2010
797;Sun Dec 05 00:00:00 CET 2010;12;2010
798;Mon Apr 28 00:00:00 CEST 2014;4;2014
799;Wed Oct 02 00:00:00 CEST 2013;10;2013
800;Sun May 29 00:00:00 CEST 2011;5;2011
801;Mon Apr 23 00:00:00 CEST 2012;4;2012
802;Fri Apr 02 00:00:00 CEST 2010;4;2010
803;Wed Sep 01 00:00:00 CEST 2010;9;2010
804;Mon Dec 30 00:00:00 CET 2013;12;2013
805;Sun Sep 28 00:00:00 CEST 2014;9;2014
806;Tue Mar 02 00:00:00 CET 2010;3;2010
807;Mon Sep 30 00:00:00 CEST 2013;9;2013
808;Mon Jan 11 00:00:00 CET 2010;1;2010
809;Mon Oct 15 00:00:00 CEST 2012;10;2012
810;Mon May 28 00:00:00 CEST 2012;5;2012
811;Thu Aug 26 00:00:00 CEST 2010;8;2010
812;Sun Aug 17 00:00:00 CEST 2014;8;2014
813;Sun Nov 30 00:00:00 CET 2014;11;2014
814;Mon Jan 17 00:00:00 CET 2011;1;2011
815;Tue Nov 08 00:00:00 CET 2011;11;2011
816;Sat Jun 19 00:00:00 CEST 2010;6;2010
817;Wed Feb 08 00:00:00 CET 2012;2;2012
818;Fri Dec 28 00:00:00 CET 2012;12;2012
819;Fri Jun 27 00:00:00 CEST 2014;6;2014
820;Wed Jul 21 00:00:00 CEST 2010;7;2010
821;Wed Aug 17 00:00:00 CEST 2011;8;2011
822;Tue Jan 12 00:00:00 CET 2010;1;2010
823;Fri Sep 16 00:00:00 CEST 2011;9;2011
824;Tue May 15 00:00:00 CEST 2012;5;2012
825;Sat Aug 27 00:00:00 CEST 2011;8;2011
826;Sun Jan 19 00:00:00 CET 2014;1;2014
827;Thu Oct 23 00:00:00 CEST 2014;10;2014
828;Sun Oct 27 00:00:00 CEST 2013;10;2013
829;Fri Jan 24 00:00:00 CET 2014;1;2014
830;Mon Nov 04 00:00:00 CET 2013;11;2013
831;Mon Aug 25 00:00:00 CEST 2014;8;2014
832;Wed Jun 12 00:00:00 CEST 2013;6;2013
833;Mon Apr 05 00:00:00 CEST 2010;4;2010
834;Sun Mar 18 00:00:00 CET 2012;3;2012
835;Sun Aug 10 00:00:00 CEST 2014;8;2014
836;Tue Feb 01 00:00:00 CET 2011;2;2011
837;Mon Aug 11 00:00:00 CEST 2014;8;2014
838;Tue Apr 17 00:00:00 CEST 2012;4;2012
839;Tue Dec 13 00:00:00 CET 2011;12;2011
840;Tue Jul 20 00:00:00 CEST 2010;7;2010
841;Wed Dec 28 00:00:00 CET 2011;12;2011
842;Mon Nov 22 00:00:00 CET 2010;11;2010
843;Fri Mar 07 00:00:00 CET 2014;3;2014
844;Mon Jun 06 00:00:00 CEST 2011;6;2011
845;Tue May 25 00:00:00 CEST 2010;5;2010
846;Sun Apr 01 00:00:00 CEST 2012;4;2012
847;Fri Dec 03 00:00:00 CET 2010;12;2010
848;Wed Feb 15 00:00:00 CET 2012;2;2012
849;Thu Jun 24 00:00:00 CEST 2010;6;2010
850;Wed May 21 00:00:00 CEST 2014;5;2014
851;Thu Nov 03 00:00:00 CET 2011;11;2011
852;Fri Jun 18 00:00:00 CEST 2010;6;2010
853;Wed May 09 00:00:00 CEST 2012;5;2012
854;Wed Apr 25 00:00:00 CEST 2012;4;2012
855;Fri Nov 07 00:00:00 CET 2014;11;2014
856;Wed Feb 05 00:00:00 CET 2014;2;2014
857;Tue Oct 23 00:00:00 CEST 2012;10;2012
858;Tue Oct 26 00:00:00 CEST 2010;10;2010
859;Sun May 09 00:00:00 CEST 2010;5;2010
860;Wed Feb 24 00:00:00 CET 2010;2;2010
861;Sun Jun 22 00:00:00 CEST 2014;6;2014
862;Tue Oct 18 00:00:00 CEST 2011;10;2011
863;Sat Mar 30 00:00:00 CET 2013;3;2013
864;Tue Aug 12 00:00:00 CEST 2014;8;2014
865;Sun Jan 30 00:00:00 CET 2011;1;2011
866;Fri Aug 05 00:00:00 CEST 2011;8;2011
867;Thu May 10 00:00:00 CEST 2012;5;2012
868;Mon Jan 31 00:00:00 CET 2011;1;2011
869;Fri Aug 08 00:00:00 CEST 2014;8;2014
870;Mon Jul 14 00:00:00 CEST 2014;7;2014
871;Sun Feb 26 00:00:00 CET 2012;2;2012
872;Tue Jul 13 00:00:00 CEST 2010;7;2010
873;Mon Jan 03 00:00:00 CET 2011;1;2011
874;Fri Jun 25 00:00:00 CEST 2010;6;2010
875;Sun Feb 14 00:00:00 CET 2010;2;2010
876;Mon Sep 29 00:00:00 CEST 2014;9;2014
877;Thu Oct 27 00:00:00 CEST 2011;10;2011
878;Fri Dec 09 00:00:00 CET 2011;12;2011
879;Mon Feb 10 00:00:00 CET 2014;2;2014
880;Sat Dec 29 00:00:00 CET 2012;12;2012
881;Mon Sep 22 00:00:00 CEST 2014;9;2014
882;Wed Jul 24 00:00:00 CEST 2013;7;2013
883;Thu Jun 03 00:00:00 CEST 2010;6;2010
884;Sat May 31 00:00:00 CEST 2014;5;2014
885;Mon Dec 13 00:00:00 CET 2010;12;2010
886;Sun Nov 25 00:00:00 CET 2012;11;2012
887;Tue Nov 22 00:00:00 CET 2011;11;2011
888;Sun Mar 27 00:00:00 CET 2011;3;2011
889;Fri May 06 00:00:00 CEST 2011;5;2011
890;Sun Jul 17 00:00:00 CEST 2011;7;2011
891;Mon Mar 12 00:00:00 CET 2012;3;2012
892;Thu Dec 02 00:00:00 CET 2010;12;2010
893;Fri Sep 07 00:00:00 CEST 2012;9;2012
894;Thu Apr 04 00:00:00 CEST 2013;4;2013
895;Tue Aug 16 00:00:00 CEST 2011;8;2011
896;Fri Sep 28 00:00:00 CEST 2012;9;2012
897;Sun May 12 00:00:00 CEST 2013;5;2013
898;Sun Mar 30 00:00:00 CET 2014;3;2014
899;Tue May 24 00:00:00 CEST 2011;5;2011
900;Sat Nov 27 00:00:00 CET 2010;11;2010
901;Sun Mar 13 00:00:00 CET 2011;3;2011
902;Tue Jan 21 00:00:00 CET 2014;1;2014
903;Fri Aug 19 00:00:00 CEST 2011;8;2011
904;Mon Jun 27 00:00:00 CEST 2011;6;2011
905;Tue Nov 27 00:00:00 CET 2012;11;2012
906;Thu Oct 16 00:00:00 CEST 2014;10;2014
907;Tue Jun 19 00:00:00 CEST 2012;6;2012
908;Mon Oct 07 00:00:00 CEST 2013;10;2013
909;Sat Nov 05 00:00:00 CET 2011;11;2011
910;Wed Aug 27 00:00:00 CEST 2014;8;2014
911;Thu Mar 13 00:00:00 CET 2014;3;2014
912;Sat Nov 02 00:00:00 CET 2013;11;2013
913;Mon Aug 26 00:00:00 CEST 2013;8;2013
914;Mon Jan 20 00:00:00 CET 2014;1;2014
915;Mon Sep 26 00:00:00 CEST 2011;9;2011
916;Fri Dec 20 00:00:00 CET 2013;12;2013
917;Sun Jul 22 00:00:00 CEST 2012;7;2012
918;Mon Oct 22 00:00:00 CEST 2012;10;2012
919;Mon Apr 11 00:00:00 CEST 2011;4;2011
920;Thu Sep 20 00:00:00 CEST 2012;9;2012
921;Wed Oct 08 00:00:00 CEST 2014;10;2014
922;Wed May 11 00:00:00 CEST 2011;5;2011
923;Fri Dec 13 00:00:00 CET 2013;12;2013
924;Sat Mar 12 00:00:00 CET 2011;3;2011
925;Fri May 23 00:00:00 CEST 2014;5;2014
926;Wed Aug 01 00:00:00 CEST 2012;8;2012
927;Tue Jun 15 00:00:00 CEST 2010;6;2010
928;Tue Jul 03 00:00:00 CEST 2012;7;2012
929;Sat Mar 01 00:00:00 CET 2014;3;2014
930;Sun Jan 03 00:00:00 CET 2010;1;2010
931;Wed Nov 20 00:00:00 CET 2013;11;2013
932;Mon Nov 26 00:00:00 CET 2012;11;2012
933;Thu Dec 12 00:00:00 CET 2013;12;2013
934;Sun Sep 30 00:00:00 CEST 2012;9;2012
935;Sat Apr 02 00:00:00 CEST 2011;4;2011
936;Sat Apr 26 00:00:00 CEST 2014;4;2014
937;Fri Aug 29 00:00:00 CEST 2014;8;2014
938;Sat Dec 31 00:00:00 CET 2011;12;2011
939;Tue Sep 04 00:00:00 CEST 2012;9;2012
940;Mon May 30 00:00:00 CEST 2011;5;2011
941;Mon Aug 08 00:00:00 CEST 2011;8;2011
942;Thu Aug 02 00:00:00 CEST 2012;8;2012
943;Wed May 15 00:00:00 CEST 2013;5;2013
944;Wed Feb 26 00:00:00 CET 2014;2;2014
945;Sat Jul 19 00:00:00 CEST 2014;7;2014
946;Fri Nov 05 00:00:00 CET 2010;11;2010
947;Wed Jul 23 00:00:00 CEST 2014;7;2014
948;Sat May 14 00:00:00 CEST 2011;5;2011
949;Sat Feb 06 00:00:00 CET 2010;2;2010
950;Mon Dec 23 00:00:00 CET 2013;12;2013
951;Mon Mar 05 00:00:00 CET 2012;3;2012
952;Sat Aug 14 00:00:00 CEST 2010;8;2010
953;Mon Nov 10 00:00:00 CET 2014;11;2014
954;Sun Apr 20 00:00:00 CEST 2014;4;2014
955;Wed Feb 10 00:00:00 CET 2010;2;2010
956;Mon Oct 10 00:00:00 CEST 2011;10;2011
957;Sun Dec 26 00:00:00 CET 2010;12;2010
958;Tue Jul 17 00:00:00 CEST 2012;7;2012
959;Mon Mar 19 00:00:00 CET 2012;3;2012
960;Mon Jun 16 00:00:00 CEST 2014;6;2014
961;Sun Apr 08 00:00:00 CEST 2012;4;2012
962;Thu Feb 06 00:00:00 CET 2014;2;2014
963;Fri Jun 22 00:00:00 CEST 2012;6;2012
964;Fri Dec 14 00:00:00 CET 2012;12;2012
965;Wed Jun 26 00:00:00 CEST 2013;6;2013
966;Fri Nov 28 00:00:00 CET 2014;11;2014
967;Sun Nov 14 00:00:00 CET 2010;11;2010
968;Sat Aug 18 00:00:00 CEST 2012;8;2012
969;Tue Apr 29 00:00:00 CEST 2014;4;2014
970;Thu Nov 14 00:00:00 CET 2013;11;2013
971;Mon Dec 02 00:00:00 CET 2013;12;2013
972;Fri Jul 02 00:00:00 CEST 2010;7;2010
973;Mon Jan 02 00:00:00 CET 2012;1;2012
974;Mon Dec 26 00:00:00 CET 2011;12;2011
975;Fri Aug 10 00:00:00 CEST 2012;8;2012
976;Tue Jun 11 00:00:00 CEST 2013;6;2013
977;Sat Apr 05 00:00:00 CEST 2014;4;2014
978;Wed Jun 25 00:00:00 CEST 2014;6;2014
979;Wed Apr 07 00:00:00 CEST 2010;4;2010
980;Thu Dec 13 00:00:00 CET 2012;12;2012
981;Tue Feb 12 00:00:00 CET 2013;2;2013
982;Tue Feb 21 00:00:00 CET 2012;2;2012
983;Wed Dec 22 00:00:00 CET 2010;12;2010
984;Mon Jun 10 00:00:00 CEST 2013;6;2013
985;Wed Sep 14 00:00:00 CEST 2011;9;2011
986;Mon Dec 16 00:00:00 CET 2013;12;2013
987;Mon Nov 11 00:00:00 CET 2013;11;2013
988;Wed Jan 16 00:00:00 CET 2013;1;2013
989;Thu Jan 06 00:00:00 CET 2011;1;2011
990;Sat Oct 20 00:00:00 CEST 2012;10;2012
991;Thu Jul 19 00:00:00 CEST 2012;7;2012
992;Wed Jun 16 00:00:00 CEST 2010;6;2010
993;Sat Oct 02 00:00:00 CEST 2010;10;2010
994;Fri Oct 18 00:00:00 CEST 2013;10;2013
995;Sat Sep 03 00:00:00 CEST 2011;9;2011
996;Tue Dec 25 00:00:00 CET 2012;12;2012
997;Mon Dec 20 00:00:00 CET 2010;12;2010
998;Fri Jan 03 00:00:00 CET 2014;1;2014
999;Sun Jan 20 00:00:00 CET 2013;1;2013
1000;Mon Nov 28 00:00:00 CET 2011;11;2011
1001;Wed Feb 19 00:00:00 CET 2014;2;2014
1002;Thu Jun 26 00:00:00 CEST 2014;6;2014
1003;Wed Aug 28 00:00:00 CEST 2013;8;2013
1004;Mon Oct 24 00:00:00 CEST 2011;10;2011
1005;Sat Jun 02 00:00:00 CEST 2012;6;2012
1006;Tue Jun 17 00:00:00 CEST 2014;6;2014
1007;Wed Mar 19 00:00:00 CET 2014;3;2014
1008;Sat Sep 13 00:00:00 CEST 2014;9;2014
1009;Sun Dec 22 00:00:00 CET 2013;12;2013
1010;Tue Apr 30 00:00:00 CEST 2013;4;2013
1011;Thu Jan 21 00:00:00 CET 2010;1;2010
1012;Sat Mar 22 00:00:00 CET 2014;3;2014
1013;Tue Jul 10 00:00:00 CEST 2012;7;2012
1014;Sun Jan 16 00:00:00 CET 2011;1;2011
1015;Sun Feb 07 00:00:00 CET 2010;2;2010
1016;Thu Jul 29 00:00:00 CEST 2010;7;2010
1017;Thu Dec 06 00:00:00 CET 2012;12;2012
1018;Thu Jan 10 00:00:00 CET 2013;1;2013
1019;Sun May 08 00:00:00 CEST 2011;5;2011
1020;Mon Feb 13 00:00:00 CET 2012;2;2012
1021;Wed Jan 26 00:00:00 CET 2011;1;2011
1022;Mon Aug 15 00:00:00 CEST 2011;8;2011
1023;Tue Jan 29 00:00:00 CET 2013;1;2013
1024;Sat Feb 13 00:00:00 CET 2010;2;2010
1025;Tue Mar 01 00:00:00 CET 2011;3;2011
1026;Sat May 05 00:00:00 CEST 2012;5;2012
1027;Sat Jan 02 00:00:00 CET 2010;1;2010
1028;Sat Feb 05 00:00:00 CET 2011;2;2011
1029;Thu Mar 06 00:00:00 CET 2014;3;2014
1030;Tue Jul 31 00:00:00 CEST 2012;7;2012
1031;Mon Mar 28 00:00:00 CEST 2011;3;2011
1032;Sun May 06 00:00:00 CEST 2012;5;2012
1033;Tue Nov 12 00:00:00 CET 2013;11;2013
1034;Wed May 05 00:00:00 CEST 2010;5;2010
1035;Tue Jul 09 00:00:00 CEST 2013;7;2013
1036;Mon Jan 21 00:00:00 CET 2013;1;2013
1037;Fri Oct 26 00:00:00 CEST 2012;10;2012
1038;Wed Nov 06 00:00:00 CET 2013;11;2013
1039;Fri Jan 31 00:00:00 CET 2014;1;2014
1040;Tue May 29 00:00:00 CEST 2012;5;2012
1041;Fri Jul 16 00:00:00 CEST 2010;7;2010
1042;Sat Jan 07 00:00:00 CET 2012;1;2012
1043;Sun May 13 00:00:00 CEST 2012;5;2012
1044;Sun Jun 05 00:00:00 CEST 2011;6;2011
1045;Thu Jan 14 00:00:00 CET 2010;1;2010
1046;Fri Sep 10 00:00:00 CEST 2010;9;2010
1047;Sun Mar 06 00:00:00 CET 2011;3;2011
1048;Sat Aug 30 00:00:00 CEST 2014;8;2014
1049;Mon Dec 06 00:00:00 CET 2010;12;2010
1050;Wed Jul 14 00:00:00 CEST 2010;7;2010
1051;Sun Dec 28 00:00:00 CET 2014;12;2014
1052;Sun Jul 07 00:00:00 CEST 2013;7;2013
1053;Mon Aug 22 00:00:00 CEST 2011;8;2011
1054;Mon May 09 00:00:00 CEST 2011;5;2011
1055;Thu May 16 00:00:00 CEST 2013;5;2013
1056;Fri Apr 05 00:00:00 CEST 2013;4;2013
1057;Sun Aug 18 00:00:00 CEST 2013;8;2013
1058;Wed Jan 27 00:00:00 CET 2010;1;2010
1059;Sat Apr 16 00:00:00 CEST 2011;4;2011
1060;Sat Apr 03 00:00:00 CEST 2010;4;2010
1061;Tue Aug 07 00:00:00 CEST 2012;8;2012
1062;Tue Sep 25 00:00:00 CEST 2012;9;2012
1063;Fri Apr 06 00:00:00 CEST 2012;4;2012
1064;Fri Dec 31 00:00:00 CET 2010;12;2010
1065;Wed Jan 02 00:00:00 CET 2013;1;2013
1066;Tue May 22 00:00:00 CEST 2012;5;2012
1067;Sat Jan 21 00:00:00 CET 2012;1;2012
1068;Mon Mar 24 00:00:00 CET 2014;3;2014
1069;Thu Jan 12 00:00:00 CET 2012;1;2012
1070;Fri Sep 03 00:00:00 CEST 2010;9;2010
1071;Fri Aug 30 00:00:00 CEST 2013;8;2013
1072;Sun Aug 28 00:00:00 CEST 2011;8;2011
1073;Mon Sep 05 00:00:00 CEST 2011;9;2011
1074;Wed Jan 12 00:00:00 CET 2011;1;2011
1075;Sun Sep 01 00:00:00 CEST 2013;9;2013
1076;Mon Jan 07 00:00:00 CET 2013;1;2013
1077;Wed Jul 09 00:00:00 CEST 2014;7;2014
1078;Sat Aug 09 00:00:00 CEST 2014;8;2014
1079;Mon Jun 14 00:00:00 CEST 2010;6;2010
1080;Sun Jun 06 00:00:00 CEST 2010;6;2010
1081;Fri Nov 12 00:00:00 CET 2010;11;2010
1082;Mon Jan 18 00:00:00 CET 2010;1;2010
1083;Mon Sep 08 00:00:00 CEST 2014;9;2014
1084;Thu Mar 21 00:00:00 CET 2013;3;2013
1085;Mon Feb 11 00:00:00 CET 2013;2;2013
1086;Sun Oct 28 00:00:00 CEST 2012;10;2012
1087;Tue Aug 17 00:00:00 CEST 2010;8;2010
1088;Sun Jun 23 00:00:00 CEST 2013;6;2013
1089;Tue Mar 30 00:00:00 CEST 2010;3;2010
1090;Fri Feb 01 00:00:00 CET 2013;2;2013
1091;Sun Jul 29 00:00:00 CEST 2012;7;2012
1092;Mon Jul 08 00:00:00 CEST 2013;7;2013
1093;Mon Mar 10 00:00:00 CET 2014;3;2014
1094;Tue Jul 29 00:00:00 CEST 2014;7;2014
1095;Thu Dec 25 00:00:00 CET 2014;12;2014
1096;Wed Oct 22 00:00:00 CEST 2014;10;2014
1097;Wed Jul 06 00:00:00 CEST 2011;7;2011
1098;Wed Jun 01 00:00:00 CEST 2011;6;2011
1099;Mon Dec 29 00:00:00 CET 2014;12;2014
1100;Wed Jan 04 00:00:00 CET 2012;1;2012
1101;Mon Dec 31 00:00:00 CET 2012;12;2012
1102;Thu Dec 22 00:00:00 CET 2011;12;2011
1103;Fri Jul 30 00:00:00 CEST 2010;7;2010
1104;Sat Aug 07 00:00:00 CEST 2010;8;2010
1105;Mon Mar 15 00:00:00 CET 2010;3;2010
1106;Fri May 25 00:00:00 CEST 2012;5;2012
1107;Sat Aug 17 00:00:00 CEST 2013;8;2013
1108;Mon Sep 17 00:00:00 CEST 2012;9;2012
1109;Wed Sep 12 00:00:00 CEST 2012;9;2012
1110;Sun Oct 06 00:00:00 CEST 2013;10;2013
1111;Wed Jun 05 00:00:00 CEST 2013;6;2013
1112;Fri Feb 19 00:00:00 CET 2010;2;2010
1113;Mon Feb 20 00:00:00 CET 2012;2;2012
1114;Wed Dec 12 00:00:00 CET 2012;12;2012
1115;Sun Apr 24 00:00:00 CEST 2011;4;2011
1116;Wed Apr 21 00:00:00 CEST 2010;4;2010
1117;Wed Dec 25 00:00:00 CET 2013;12;2013
1118;Thu Dec 16 00:00:00 CET 2010;12;2010
1119;Mon Oct 21 00:00:00 CEST 2013;10;2013
1120;Thu Jun 20 00:00:00 CEST 2013;6;2013
1121;Tue Feb 02 00:00:00 CET 2010;2;2010
1122;Mon Jul 12 00:00:00 CEST 2010;7;2010
1123;Thu Mar 10 00:00:00 CET 2011;3;2011
1124;Thu Feb 07 00:00:00 CET 2013;2;2013
1125;Sun Jun 29 00:00:00 CEST 2014;6;2014
1126;Thu Apr 11 00:00:00 CEST 2013;4;2013
1127;Tue Apr 09 00:00:00 CEST 2013;4;2013
1128;Fri Nov 19 00:00:00 CET 2010;11;2010
1129;Mon Jul 02 00:00:00 CEST 2012;7;2012
1130;Sat Mar 09 00:00:00 CET 2013;3;2013
1131;Fri Dec 06 00:00:00 CET 2013;12;2013
1132;Sat May 26 00:00:00 CEST 2012;5;2012
1133;Sat Aug 21 00:00:00 CEST 2010;8;2010
1134;Mon Jun 17 00:00:00 CEST 2013;6;2013
1135;Sat Jun 11 00:00:00 CEST 2011;6;2011
1136;Fri Apr 01 00:00:00 CEST 2011;4;2011
1137;Thu Feb 11 00:00:00 CET 2010;2;2010
1138;Tue Dec 06 00:00:00 CET 2011;12;2011
1139;Wed Sep 17 00:00:00 CEST 2014;9;2014
1140;Mon May 23 00:00:00 CEST 2011;5;2011
1141;Sat Nov 16 00:00:00 CET 2013;11;2013
1142;Mon Jan 16 00:00:00 CET 2012;1;2012
1143;Wed Mar 10 00:00:00 CET 2010;3;2010
1144;Sun Nov 20 00:00:00 CET 2011;11;2011
1145;Wed May 30 00:00:00 CEST 2012;5;2012
1146;Tue Sep 18 00:00:00 CEST 2012;9;2012
1147;Wed Aug 21 00:00:00 CEST 2013;8;2013
1148;Sun Feb 05 00:00:00 CET 2012;2;2012
1149;Sat Mar 15 00:00:00 CET 2014;3;2014
1150;Wed Aug 24 00:00:00 CEST 2011;8;2011
1151;Sat May 24 00:00:00 CEST 2014;5;2014
1152;Thu Jun 02 00:00:00 CEST 2011;6;2011
1153;Tue May 31 00:00:00 CEST 2011;5;2011
1154;Wed May 14 00:00:00 CEST 2014;5;2014
1155;Fri Mar 09 00:00:00 CET 2012;3;2012
1156;Sun May 25 00:00:00 CEST 2014;5;2014
1157;Tue Aug 03 00:00:00 CEST 2010;8;2010
1158;Tue Mar 16 00:00:00 CET 2010;3;2010
1159;Fri Jun 11 00:00:00 CEST 2010;6;2010
1160;Thu Oct 24 00:00:00 CEST 2013;10;2013
1161;Sat Dec 13 00:00:00 CET 2014;12;2014
1162;Sat Jan 11 00:00:00 CET 2014;1;2014
1163;Mon May 16 00:00:00 CEST 2011;5;2011
1164;Tue Aug 24 00:00:00 CEST 2010;8;2010
1165;Tue Sep 28 00:00:00 CEST 2010;9;2010
1166;Thu Nov 27 00:00:00 CET 2014;11;2014
1167;Tue Mar 26 00:00:00 CET 2013;3;2013
1168;Wed Oct 12 00:00:00 CEST 2011;10;2011
1169;Sun May 20 00:00:00 CEST 2012;5;2012
1170;Tue Apr 08 00:00:00 CEST 2014;4;2014
1171;Sat Nov 06 00:00:00 CET 2010;11;2010
1172;Thu Jan 27 00:00:00 CET 2011;1;2011
1173;Sat Sep 22 00:00:00 CEST 2012;9;2012
1174;Tue Dec 07 00:00:00 CET 2010;12;2010
1175;Tue Jul 23 00:00:00 CEST 2013;7;2013
1176;Sat Jan 30 00:00:00 CET 2010;1;2010
1177;Sat May 10 00:00:00 CEST 2014;5;2014
1178;Mon Jul 19 00:00:00 CEST 2010;7;2010
1179;Tue Nov 04 00:00:00 CET 2014;11;2014
1180;Tue May 06 00:00:00 CEST 2014;5;2014
1181;Mon Feb 27 00:00:00 CET 2012;2;2012
1182;Wed May 08 00:00:00 CEST 2013;5;2013
1183;Thu Aug 25 00:00:00 CEST 2011;8;2011
1184;Tue Dec 02 00:00:00 CET 2014;12;2014
1185;Sun Jan 17 00:00:00 CET 2010;1;2010
1186;Sat Apr 21 00:00:00 CEST 2012;4;2012
1187;Tue Jan 28 00:00:00 CET 2014;1;2014
1188;Sat Jun 15 00:00:00 CEST 2013;6;2013
1189;Fri Jan 18 00:00:00 CET 2013;1;2013
1190;Mon Dec 09 00:00:00 CET 2013;12;2013
1191;Tue Jun 04 00:00:00 CEST 2013;6;2013
1192;Sun Jul 31 00:00:00 CEST 2011;7;2011
1193;Sat Dec 15 00:00:00 CET 2012;12;2012
1194;Thu Feb 23 00:00:00 CET 2012;2;2012
1195;Sat Mar 03 00:00:00 CET 2012;3;2012
1196;Sat Jul 12 00:00:00 CEST 2014;7;2014
1197;Tue Apr 27 00:00:00 CEST 2010;4;2010
1198;Wed Feb 17 00:00:00 CET 2010;2;2010
1199;Sun Aug 15 00:00:00 CEST 2010;8;2010
1200;Fri Jan 13 00:00:00 CET 2012;1;2012
1201;Mon Jul 23 00:00:00 CEST 2012;7;2012
1202;Tue Oct 28 00:00:00 CET 2014;10;2014
1203;Fri Oct 11 00:00:00 CEST 2013;10;2013
1204;Sun Jan 29 00:00:00 CET 2012;1;2012
1205;Sun Jan 01 00:00:00 CET 2012;1;2012
1206;Thu Jan 13 00:00:00 CET 2011;1;2011
1207;Sun Dec 02 00:00:00 CET 2012;12;2012
1208;Sat Apr 12 00:00:00 CEST 2014;4;2014
1209;Mon Jul 21 00:00:00 CEST 2014;7;2014
1210;Thu Feb 24 00:00:00 CET 2011;2;2011
1211;Fri Apr 13 00:00:00 CEST 2012;4;2012
1212;Tue Mar 04 00:00:00 CET 2014;3;2014
1213;Mon Jun 02 00:00:00 CEST 2014;6;2014
1214;Tue Feb 05 00:00:00 CET 2013;2;2013
1215;Wed Oct 10 00:00:00 CEST 2012;10;2012
1216;Mon May 17 00:00:00 CEST 2010;5;2010
1217;Mon Sep 02 00:00:00 CEST 2013;9;2013
1218;Wed Feb 01 00:00:00 CET 2012;2;2012
1219;Sun Mar 24 00:00:00 CET 2013;3;2013
1220;Thu Feb 27 00:00:00 CET 2014;2;2014
1221;Sun May 30 00:00:00 CEST 2010;5;2010
1222;Sun Nov 07 00:00:00 CET 2010;11;2010
1223;Tue Dec 16 00:00:00 CET 2014;12;2014
1224;Thu Mar 29 00:00:00 CEST 2012;3;2012
1225;Sat Jan 23 00:00:00 CET 2010;1;2010
1226;Sun Feb 21 00:00:00 CET 2010;2;2010
1227;Tue May 07 00:00:00 CEST 2013;5;2013
1228;Sat Dec 25 00:00:00 CET 2010;12;2010
1229;Sat Oct 29 00:00:00 CEST 2011;10;2011
1230;Tue Jun 05 00:00:00 CEST 2012;6;2012
1231;Tue Oct 19 00:00:00 CEST 2010;10;2010
1232;Fri Oct 21 00:00:00 CEST 2011;10;2011
1233;Fri Mar 26 00:00:00 CET 2010;3;2010
1234;Sun Sep 11 00:00:00 CEST 2011;9;2011
1235;Thu May 08 00:00:00 CEST 2014;5;2014
1236;Wed Oct 27 00:00:00 CEST 2010;10;2010
1237;Thu Aug 19 00:00:00 CEST 2010;8;2010
1238;Wed Aug 13 00:00:00 CEST 2014;8;2014
1239;Fri Feb 03 00:00:00 CET 2012;2;2012
1240;Sat Feb 04 00:00:00 CET 2012;2;2012
1241;Mon Nov 18 00:00:00 CET 2013;11;2013
1242;Thu Jan 07 00:00:00 CET 2010;1;2010
1243;Fri Oct 15 00:00:00 CEST 2010;10;2010
1244;Sun Sep 26 00:00:00 CEST 2010;9;2010
1245;Tue Oct 30 00:00:00 CET 2012;10;2012
1246;Sat Feb 23 00:00:00 CET 2013;2;2013
1247;Thu Mar 28 00:00:00 CET 2013;3;2013
1248;Sun May 16 00:00:00 CEST 2010;5;2010
1249;Thu Apr 01 00:00:00 CEST 2010;4;2010
1250;Sat Sep 10 00:00:00 CEST 2011;9;2011
1251;Fri Oct 19 00:00:00 CEST 2012;10;2012
1252;Sat Apr 14 00:00:00 CEST 2012;4;2012
1253;Sun Mar 25 00:00:00 CET 2012;3;2012
1254;Thu May 06 00:00:00 CEST 2010;5;2010
1255;Sun Oct 19 00:00:00 CEST 2014;10;2014
1256;Sat Jul 24 00:00:00 CEST 2010;7;2010
1257;Fri Dec 16 00:00:00 CET 2011;12;2011
1258;Fri Apr 26 00:00:00 CEST 2013;4;2013
1259;Sun May 15 00:00:00 CEST 2011;5;2011
1260;Mon Sep 12 00:00:00 CEST 2011;9;2011
1261;Tue Feb 09 00:00:00 CET 2010;2;2010
1262;Tue Oct 09 00:00:00 CEST 2012;10;2012
1263;Wed Mar 12 00:00:00 CET 2014;3;2014
1264;Mon Jun 04 00:00:00 CEST 2012;6;2012
1265;Mon Mar 26 00:00:00 CEST 2012;3;2012
1266;Fri Jun 13 00:00:00 CEST 2014;6;2014
1267;Wed Mar 21 00:00:00 CET 2012;3;2012
1268;Mon Mar 31 00:00:00 CEST 2014;3;2014
1269;Sun Jun 13 00:00:00 CEST 2010;6;2010
1270;Thu May 22 00:00:00 CEST 2014;5;2014
1271;Mon Apr 30 00:00:00 CEST 2012;4;2012
1272;Thu Mar 22 00:00:00 CET 2012;3;2012
1273;Tue Dec 24 00:00:00 CET 2013;12;2013
1274;Fri Nov 14 00:00:00 CET 2014;11;2014
1275;Mon Apr 16 00:00:00 CEST 2012;4;2012
1276;Thu Sep 29 00:00:00 CEST 2011;9;2011
1277;Tue Feb 28 00:00:00 CET 2012;2;2012
1278;Thu May 15 00:00:00 CEST 2014;5;2014
1279;Fri Feb 15 00:00:00 CET 2013;2;2013
1280;Tue Nov 19 00:00:00 CET 2013;11;2013
1281;Mon Sep 24 00:00:00 CEST 2012;9;2012
1282;Sun Apr 14 00:00:00 CEST 2013;4;2013
1283;Thu Jun 12 00:00:00 CEST 2014;6;2014
1284;Tue Nov 13 00:00:00 CET 2012;11;2012
1285;Tue Jun 28 00:00:00 CEST 2011;6;2011
1286;Sat Sep 24 00:00:00 CEST 2011;9;2011
1287;Thu Jan 26 00:00:00 CET 2012;1;2012
1288;Mon Aug 13 00:00:00 CEST 2012;8;2012
1289;Thu Aug 29 00:00:00 CEST 2013;8;2013
1290;Tue Mar 06 00:00:00 CET 2012;3;2012
1291;Mon May 26 00:00:00 CEST 2014;5;2014
1292;Sat Sep 27 00:00:00 CEST 2014;9;2014
1293;Wed Feb 29 00:00:00 CET 2012;2;2012
1294;Mon Nov 14 00:00:00 CET 2011;11;2011
1295;Mon Aug 02 00:00:00 CEST 2010;8;2010
1296;Wed Mar 05 00:00:00 CET 2014;3;2014
1297;Sat Apr 09 00:00:00 CEST 2011;4;2011
1298;Sun Feb 02 00:00:00 CET 2014;2;2014
1299;Thu Feb 18 00:00:00 CET 2010;2;2010
1300;Fri Jan 25 00:00:00 CET 2013;1;2013
1301;Sun Feb 27 00:00:00 CET 2011;2;2011
1302;Sun Sep 25 00:00:00 CEST 2011;9;2011
1303;Tue Nov 30 00:00:00 CET 2010;11;2010
1304;Fri Mar 11 00:00:00 CET 2011;3;2011
1305;Tue Jul 15 00:00:00 CEST 2014;7;2014
1306;Sat Feb 11 00:00:00 CET 2012;2;2012
1307;Tue Jun 25 00:00:00 CEST 2013;6;2013
1308;Wed May 02 00:00:00 CEST 2012;5;2012
1309;Sun Oct 23 00:00:00 CEST 2011;10;2011
1310;Tue Sep 03 00:00:00 CEST 2013;9;2013
1311;Mon Jul 18 00:00:00 CEST 2011;7;2011
1312;Sun Dec 09 00:00:00 CET 2012;12;2012
1313;Thu Aug 22 00:00:00 CEST 2013;8;2013
1314;Mon Feb 15 00:00:00 CET 2010;2;2010
1315;Wed Feb 03 00:00:00 CET 2010;2;2010
1316;Sun Jul 06 00:00:00 CEST 2014;7;2014
1317;Fri Jan 07 00:00:00 CET 2011;1;2011
1318;Wed Jul 27 00:00:00 CEST 2011;7;2011
1319;Sat Dec 06 00:00:00 CET 2014;12;2014
1320;Sat Jul 14 00:00:00 CEST 2012;7;2012
1321;Fri May 04 00:00:00 CEST 2012;5;2012
1322;Thu Apr 10 00:00:00 CEST 2014;4;2014
1323;Tue Mar 11 00:00:00 CET 2014;3;2014
1324;Wed Oct 16 00:00:00 CEST 2013;10;2013
1325;Fri May 31 00:00:00 CEST 2013;5;2013
1326;Sat May 11 00:00:00 CEST 2013;5;2013
1327;Thu Oct 11 00:00:00 CEST 2012;10;2012
1328;Tue Apr 15 00:00:00 CEST 2014;4;2014
1329;Fri Mar 25 00:00:00 CET 2011;3;2011
1330;Wed Sep 05 00:00:00 CEST 2012;9;2012
1331;Sat Dec 07 00:00:00 CET 2013;12;2013
1332;Sun Aug 24 00:00:00 CEST 2014;8;2014
1333;Thu Sep 02 00:00:00 CEST 2010;9;2010
1334;Wed Nov 23 00:00:00 CET 2011;11;2011
1335;Wed May 25 00:00:00 CEST 2011;5;2011
1336;Thu Apr 21 00:00:00 CEST 2011;4;2011
1337;Mon Jul 22 00:00:00 CEST 2013;7;2013
1338;Sat May 18 00:00:00 CEST 2013;5;2013
1339;Wed Jun 11 00:00:00 CEST 2014;6;2014
1340;Sat Dec 01 00:00:00 CET 2012;12;2012
1341;Sat Dec 22 00:00:00 CET 2012;12;2012
1342;Sat Oct 09 00:00:00 CEST 2010;10;2010
1343;Wed Aug 03 00:00:00 CEST 2011;8;2011
1344;Sat Sep 17 00:00:00 CEST 2011;9;2011
1345;Wed Jan 11 00:00:00 CET 2012;1;2012
1346;Mon Feb 21 00:00:00 CET 2011;2;2011
1347;Mon Sep 09 00:00:00 CEST 2013;9;2013
1348;Thu Mar 08 00:00:00 CET 2012;3;2012
1349;Mon Jun 13 00:00:00 CEST 2011;6;2011
1350;Fri Dec 23 00:00:00 CET 2011;12;2011
1351;Fri Oct 07 00:00:00 CEST 2011;10;2011
1352;Sat Jul 06 00:00:00 CEST 2013;7;2013
1353;Sat Oct 23 00:00:00 CEST 2010;10;2010
1354;Mon Apr 02 00:00:00 CEST 2012;4;2012
1355;Wed Feb 23 00:00:00 CET 2011;2;2011
1356;Sun Jul 01 00:00:00 CEST 2012;7;2012
1357;Sat May 04 00:00:00 CEST 2013;5;2013
1358;Thu Mar 07 00:00:00 CET 2013;3;2013
1359;Thu Sep 06 00:00:00 CEST 2012;9;2012
1360;Thu Aug 11 00:00:00 CEST 2011;8;2011
1361;Fri May 24 00:00:00 CEST 2013;5;2013
1362;Fri Apr 08 00:00:00 CEST 2011;4;2011
1363;Mon Apr 26 00:00:00 CEST 2010;4;2010
1364;Sat Feb 02 00:00:00 CET 2013;2;2013
1365;Sun Jun 16 00:00:00 CEST 2013;6;2013
1366;Sat Feb 09 00:00:00 CET 2013;2;2013
1367;Tue May 08 00:00:00 CEST 2012;5;2012
1368;Sun Nov 10 00:00:00 CET 2013;11;2013
1369;Sat Oct 25 00:00:00 CEST 2014;10;2014
1370;Wed Apr 03 00:00:00 CEST 2013;4;2013
1371;Sun Jul 03 00:00:00 CEST 2011;7;2011
1372;Fri Dec 05 00:00:00 CET 2014;12;2014
1373;Thu Nov 15 00:00:00 CET 2012;11;2012
1374;Sun Jul 11 00:00:00 CEST 2010;7;2010
1375;Sun Apr 06 00:00:00 CEST 2014;4;2014
1376;Thu Apr 14 00:00:00 CEST 2011;4;2011
1377;Wed Dec 26 00:00:00 CET 2012;12;2012
1378;Wed Jun 13 00:00:00 CEST 2012;6;2012
1379;Thu Jun 19 00:00:00 CEST 2014;6;2014
1380;Tue Mar 05 00:00:00 CET 2013;3;2013
1381;Wed Oct 31 00:00:00 CET 2012;10;2012
1382;Wed Oct 09 00:00:00 CEST 2013;10;2013
1383;Thu Nov 17 00:00:00 CET 2011;11;2011
1384;Fri Apr 25 00:00:00 CEST 2014;4;2014
1385;Fri Aug 09 00:00:00 CEST 2013;8;2013
1386;Mon Sep 13 00:00:00 CEST 2010;9;2010
1387;Tue Nov 20 00:00:00 CET 2012;11;2012
1388;Tue Aug 19 00:00:00 CEST 2014;8;2014
1389;Sat Jan 14 00:00:00 CET 2012;1;2012
1390;Sat Jul 03 00:00:00 CEST 2010;7;2010
1391;Sun Jan 05 00:00:00 CET 2014;1;2014
1392;Thu May 27 00:00:00 CEST 2010;5;2010
1393;Sat Jul 30 00:00:00 CEST 2011;7;2011
1394;Mon Jun 03 00:00:00 CEST 2013;6;2013
1395;Wed May 23 00:00:00 CEST 2012;5;2012
1396;Sat Nov 13 00:00:00 CET 2010;11;2010
1397;Wed Jan 06 00:00:00 CET 2010;1;2010
1398;Thu Dec 26 00:00:00 CET 2013;12;2013
1399;Fri Apr 18 00:00:00 CEST 2014;4;2014
1400;Sun Aug 07 00:00:00 CEST 2011;8;2011
1401;Sat Jul 16 00:00:00 CEST 2011;7;2011
1402;Wed Nov 12 00:00:00 CET 2014;11;2014
1403;Tue Jun 21 00:00:00 CEST 2011;6;2011
1404;Fri Oct 05 00:00:00 CEST 2012;10;2012
1405;Mon Oct 18 00:00:00 CEST 2010;10;2010
1406;Sat Nov 30 00:00:00 CET 2013;11;2013
1407;Wed Jan 09 00:00:00 CET 2013;1;2013
1408;Tue Nov 16 00:00:00 CET 2010;11;2010
1409;Thu Sep 23 00:00:00 CEST 2010;9;2010
1410;Tue Apr 05 00:00:00 CEST 2011;4;2011
1411;Sun Feb 23 00:00:00 CET 2014;2;2014
1412;Sat Sep 01 00:00:00 CEST 2012;9;2012
1413;Sat Mar 31 00:00:00 CEST 2012;3;2012
1414;Tue Dec 04 00:00:00 CET 2012;12;2012
1415;Sat Jan 08 00:00:00 CET 2011;1;2011
1416;Mon Apr 12 00:00:00 CEST 2010;4;2010
1417;Tue Sep 09 00:00:00 CEST 2014;9;2014
1418;Sun Nov 23 00:00:00 CET 2014;11;2014
1419;Wed Jan 30 00:00:00 CET 2013;1;2013
1420;Wed Aug 29 00:00:00 CEST 2012;8;2012
1421;Wed Sep 15 00:00:00 CEST 2010;9;2010
1422;Tue Oct 14 00:00:00 CEST 2014;10;2014
1423;Tue Sep 14 00:00:00 CEST 2010;9;2010
1424;Fri Aug 23 00:00:00 CEST 2013;8;2013
1425;Sat Jan 01 00:00:00 CET 2011;1;2011
1426;Fri May 09 00:00:00 CEST 2014;5;2014
1427;Sat Jun 26 00:00:00 CEST 2010;6;2010
1428;Thu Jan 16 00:00:00 CET 2014;1;2014
1429;Sun Jun 24 00:00:00 CEST 2012;6;2012
1430;Sun Apr 21 00:00:00 CEST 2013;4;2013
1431;Sat Nov 24 00:00:00 CET 2012;11;2012
1432;Wed May 19 00:00:00 CEST 2010;5;2010
1433;Sat Mar 13 00:00:00 CET 2010;3;2010
1434;Mon Oct 06 00:00:00 CEST 2014;10;2014
1435;Tue Dec 20 00:00:00 CET 2011;12;2011
1436;Thu Jul 05 00:00:00 CEST 2012;7;2012
1437;Sun Sep 22 00:00:00 CEST 2013;9;2013
1438;Sun Apr 28 00:00:00 CEST 2013;4;2013
1439;Fri Nov 08 00:00:00 CET 2013;11;2013
1440;Fri Dec 12 00:00:00 CET 2014;12;2014
1441;Sun Jul 13 00:00:00 CEST 2014;7;2014
1442;Fri May 10 00:00:00 CEST 2013;5;2013
1443;Wed Sep 29 00:00:00 CEST 2010;9;2010
1444;Fri Jan 29 00:00:00 CET 2010;1;2010
1445;Fri May 18 00:00:00 CEST 2012;5;2012
1446;Fri Mar 01 00:00:00 CET 2013;3;2013
1447;Tue Jul 01 00:00:00 CEST 2014;7;2014
1448;Wed Apr 18 00:00:00 CEST 2012;4;2012
1449;Wed Dec 29 00:00:00 CET 2010;12;2010
1450;Thu Feb 09 00:00:00 CET 2012;2;2012
1451;Tue Apr 24 00:00:00 CEST 2012;4;2012
1452;Sun Mar 04 00:00:00 CET 2012;3;2012
1453;Thu Aug 05 00:00:00 CEST 2010;8;2010
1454;Sun Jun 26 00:00:00 CEST 2011;6;2011
1455;Fri Aug 22 00:00:00 CEST 2014;8;2014
1456;Sun Apr 03 00:00:00 CEST 2011;4;2011
1457;Thu Dec 18 00:00:00 CET 2014;12;2014
1458;Tue Jun 29 00:00:00 CEST 2010;6;2010
1459;Sun Oct 02 00:00:00 CEST 2011;10;2011
1460;Sat Jul 27 00:00:00 CEST 2013;7;2013
1461;Thu Feb 10 00:00:00 CET 2011;2;2011
1462;Mon Jan 25 00:00:00 CET 2010;1;2010
1463;Mon Mar 25 00:00:00 CET 2013;3;2013
1464;Tue May 27 00:00:00 CEST 2014;5;2014
1465;Sat Jul 28 00:00:00 CEST 2012;7;2012
1466;Sat Jul 21 00:00:00 CEST 2012;7;2012
1467;Sun Dec 07 00:00:00 CET 2014;12;2014
1468;Sun Aug 22 00:00:00 CEST 2010;8;2010
1469;Wed May 22 00:00:00 CEST 2013;5;2013
1470;Tue Jan 03 00:00:00 CET 2012;1;2012
1471;Tue Aug 05 00:00:00 CEST 2014;8;2014
1472;Wed Feb 20 00:00:00 CET 2013;2;2013
1473;Sat Feb 08 00:00:00 CET 2014;2;2014
1474;Thu Apr 25 00:00:00 CEST 2013;4;2013
1475;Sat Apr 13 00:00:00 CEST 2013;4;2013
1476;Wed Jun 20 00:00:00 CEST 2012;6;2012
1477;Sun Sep 09 00:00:00 CEST 2012;9;2012
1478;Wed Jun 08 00:00:00 CEST 2011;6;2011
1479;Wed Sep 26 00:00:00 CEST 2012;9;2012
1480;Sun Jul 15 00:00:00 CEST 2012;7;2012
1481;Thu Feb 20 00:00:00 CET 2014;2;2014
1482;Tue Aug 21 00:00:00 CEST 2012;8;2012
1483;Tue Sep 11 00:00:00 CEST 2012;9;2012
1484;Fri May 16 00:00:00 CEST 2014;5;2014
1485;Thu Nov 22 00:00:00 CET 2012;11;2012
1486;Sun Sep 16 00:00:00 CEST 2012;9;2012
1487;Thu May 20 00:00:00 CEST 2010;5;2010
1488;Mon Dec 19 00:00:00 CET 2011;12;2011
1489;Thu Jul 31 00:00:00 CEST 2014;7;2014
1490;Sat Sep 07 00:00:00 CEST 2013;9;2013
1491;Tue Jul 27 00:00:00 CEST 2010;7;2010
1492;Fri Apr 22 00:00:00 CEST 2011;4;2011
1493;Sat Oct 06 00:00:00 CEST 2012;10;2012
1494;Fri Jan 21 00:00:00 CET 2011;1;2011
1495;Wed Apr 27 00:00:00 CEST 2011;4;2011
1496;Fri Mar 04 00:00:00 CET 2011;3;2011
1497;Sat Oct 16 00:00:00 CEST 2010;10;2010
1498;Sun Aug 19 00:00:00 CEST 2012;8;2012
1499;Wed Jun 09 00:00:00 CEST 2010;6;2010
1500;Wed Jun 18 00:00:00 CEST 2014;6;2014
1501;Sun Feb 09 00:00:00 CET 2014;2;2014
1502;Mon Mar 04 00:00:00 CET 2013;3;2013
1503;Mon Jul 28 00:00:00 CEST 2014;7;2014
1504;Thu Aug 16 00:00:00 CEST 2012;8;2012
1505;Sun Jun 17 00:00:00 CEST 2012;6;2012
1506;Mon Feb 01 00:00:00 CET 2010;2;2010
1507;Fri Nov 30 00:00:00 CET 2012;11;2012
1508;Tue Jul 30 00:00:00 CEST 2013;7;2013
1509;Fri Aug 16 00:00:00 CEST 2013;8;2013
1510;Tue Jul 06 00:00:00 CEST 2010;7;2010
1511;Sat Mar 24 00:00:00 CET 2012;3;2012
1512;Mon Feb 06 00:00:00 CET 2012;2;2012
1513;Sat Jun 23 00:00:00 CEST 2012;6;2012
1514;Wed Mar 24 00:00:00 CET 2010;3;2010
1515;Sun Jun 09 00:00:00 CEST 2013;6;2013
1516;Tue Oct 12 00:00:00 CEST 2010;10;2010
1517;Thu Feb 03 00:00:00 CET 2011;2;2011
1518;Thu Apr 26 00:00:00 CEST 2012;4;2012
1519;Thu Dec 27 00:00:00 CET 2012;12;2012
1520;Wed Feb 16 00:00:00 CET 2011;2;2011
1521;Wed Feb 27 00:00:00 CET 2013;2;2013
1522;Thu Sep 18 00:00:00 CEST 2014;9;2014
1523;Thu Jul 10 00:00:00 CEST 2014;7;2014
1524;Mon May 13 00:00:00 CEST 2013;5;2013
1525;Mon Apr 29 00:00:00 CEST 2013;4;2013
1526;Wed Nov 03 00:00:00 CET 2010;11;2010
1527;Tue Sep 17 00:00:00 CEST 2013;9;2013
1528;Fri Oct 03 00:00:00 CEST 2014;10;2014
1529;Sat Dec 24 00:00:00 CET 2011;12;2011
1530;Mon Sep 01 00:00:00 CEST 2014;9;2014
1531;Wed Jun 23 00:00:00 CEST 2010;6;2010
1532;Tue Feb 26 00:00:00 CET 2013;2;2013
1533;Thu Jun 05 00:00:00 CEST 2014;6;2014
1534;Wed Feb 22 00:00:00 CET 2012;2;2012
1535;Thu Sep 01 00:00:00 CEST 2011;9;2011
1536;Wed May 04 00:00:00 CEST 2011;5;2011
1537;Tue Apr 01 00:00:00 CEST 2014;4;2014
1538;Sat Apr 30 00:00:00 CEST 2011;4;2011
1539;Wed Oct 23 00:00:00 CEST 2013;10;2013
1540;Sat Jan 09 00:00:00 CET 2010;1;2010
1541;Fri Oct 10 00:00:00 CEST 2014;10;2014
1542;Thu Sep 12 00:00:00 CEST 2013;9;2013
1543;Mon May 02 00:00:00 CEST 2011;5;2011
1544;Wed Sep 19 00:00:00 CEST 2012;9;2012
1545;Fri Sep 19 00:00:00 CEST 2014;9;2014
1546;Thu Feb 25 00:00:00 CET 2010;2;2010
1547;Wed May 29 00:00:00 CEST 2013;5;2013
1548;Sat Mar 02 00:00:00 CET 2013;3;2013
1549;Wed Aug 20 00:00:00 CEST 2014;8;2014
1550;Thu Mar 03 00:00:00 CET 2011;3;2011
1551;Mon Dec 05 00:00:00 CET 2011;12;2011
1552;Mon Nov 12 00:00:00 CET 2012;11;2012
1553;Wed Feb 02 00:00:00 CET 2011;2;2011
1554;Fri Aug 24 00:00:00 CEST 2012;8;2012
1555;Sat Jun 12 00:00:00 CEST 2010;6;2010
1556;Fri Oct 08 00:00:00 CEST 2010;10;2010
1557;Thu Jul 28 00:00:00 CEST 2011;7;2011
1558;Mon Mar 11 00:00:00 CET 2013;3;2013
1559;Mon Aug 19 00:00:00 CEST 2013;8;2013
1560;Mon Oct 13 00:00:00 CEST 2014;10;2014
1561;Thu Nov 18 00:00:00 CET 2010;11;2010
1562;Sun Feb 03 00:00:00 CET 2013;2;2013
1563;Sun Dec 04 00:00:00 CET 2011;12;2011
1564;Fri May 17 00:00:00 CEST 2013;5;2013
1565;Tue Mar 27 00:00:00 CEST 2012;3;2012
1566;Mon Nov 03 00:00:00 CET 2014;11;2014
1567;Fri May 14 00:00:00 CEST 2010;5;2010
1568;Sun Jul 20 00:00:00 CEST 2014;7;2014
1569;Wed Apr 17 00:00:00 CEST 2013;4;2013
1570;Fri Oct 14 00:00:00 CEST 2011;10;2011
1571;Thu Jul 25 00:00:00 CEST 2013;7;2013
1572;Sun Oct 05 00:00:00 CEST 2014;10;2014
1573;Sun Dec 29 00:00:00 CET 2013;12;2013
1574;Thu Jun 14 00:00:00 CEST 2012;6;2012
1575;Wed Mar 17 00:00:00 CET 2010;3;2010
1576;Sat Mar 29 00:00:00 CET 2014;3;2014
1577;Sun Sep 04 00:00:00 CEST 2011;9;2011
1578;Sun Jan 31 00:00:00 CET 2010;1;2010
1579;Thu Jun 10 00:00:00 CEST 2010;6;2010
1580;Wed Oct 30 00:00:00 CET 2013;10;2013
1581;Fri Jan 14 00:00:00 CET 2011;1;2011
1582;Sat Jun 09 00:00:00 CEST 2012;6;2012
1583;Wed Dec 10 00:00:00 CET 2014;12;2014
1584;Sat Nov 29 00:00:00 CET 2014;11;2014
1585;Sun Sep 07 00:00:00 CEST 2014;9;2014
1586;Sat Dec 03 00:00:00 CET 2011;12;2011
1587;Thu Sep 04 00:00:00 CEST 2014;9;2014
1588;Sun Jun 08 00:00:00 CEST 2014;6;2014
1589;Fri Jul 05 00:00:00 CEST 2013;7;2013
1590;Fri Jul 26 00:00:00 CEST 2013;7;2013
1591;Thu Dec 01 00:00:00 CET 2011;12;2011
1592;Fri May 03 00:00:00 CEST 2013;5;2013
1593;Sat Apr 24 00:00:00 CEST 2010;4;2010
1594;Tue May 17 00:00:00 CEST 2011;5;2011
1595;Tue Jul 05 00:00:00 CEST 2011;7;2011
1596;Thu Mar 11 00:00:00 CET 2010;3;2010
1597;Wed Aug 11 00:00:00 CEST 2010;8;2010
1598;Fri Sep 12 00:00:00 CEST 2014;9;2014
1599;Wed Jun 19 00:00:00 CEST 2013;6;2013
1600;Wed Jan 08 00:00:00 CET 2014;1;2014
1601;Fri Oct 29 00:00:00 CEST 2010;10;2010
1602;Fri Mar 08 00:00:00 CET 2013;3;2013
1603;Sun Oct 17 00:00:00 CEST 2010;10;2010
1604;Sat Sep 15 00:00:00 CEST 2012;9;2012
1605;Thu Dec 05 00:00:00 CET 2013;12;2013
1606;Sun Feb 06 00:00:00 CET 2011;2;2011
1607;Sun Sep 05 00:00:00 CEST 2010;9;2010
1608;Wed Nov 09 00:00:00 CET 2011;11;2011
1609;Tue Sep 07 00:00:00 CEST 2010;9;2010
1610;Thu Aug 08 00:00:00 CEST 2013;8;2013
1611;Sun May 04 00:00:00 CEST 2014;5;2014
1612;Fri Sep 27 00:00:00 CEST 2013;9;2013
1613;Mon Sep 19 00:00:00 CEST 2011;9;2011
1614;Sun Jul 10 00:00:00 CEST 2011;7;2011
1615;Sat Sep 25 00:00:00 CEST 2010;9;2010
1616;Wed Aug 18 00:00:00 CEST 2010;8;2010
1617;Sun Dec 14 00:00:00 CET 2014;12;2014
1618;Mon Apr 18 00:00:00 CEST 2011;4;2011
1619;Tue Oct 05 00:00:00 CEST 2010;10;2010
1620;Fri Dec 24 00:00:00 CET 2010;12;2010
1621;Wed Jan 19 00:00:00 CET 2011;1;2011
1622;Wed Dec 14 00:00:00 CET 2011;12;2011
1623;Sun Nov 16 00:00:00 CET 2014;11;2014
1624;Fri Nov 23 00:00:00 CET 2012;11;2012
1625;Thu Mar 27 00:00:00 CET 2014;3;2014
1626;Thu Apr 03 00:00:00 CEST 2014;4;2014
1627;Sun Oct 14 00:00:00 CEST 2012;10;2012
1628;Mon May 19 00:00:00 CEST 2014;5;2014
1629;Sat May 22 00:00:00 CEST 2010;5;2010
1630;Sat Mar 10 00:00:00 CET 2012;3;2012
1631;Wed Apr 23 00:00:00 CEST 2014;4;2014
1632;Wed Dec 01 00:00:00 CET 2010;12;2010
1633;Mon May 31 00:00:00 CEST 2010;5;2010
1634;Mon Dec 24 00:00:00 CET 2012;12;2012
1635;Wed Mar 28 00:00:00 CEST 2012;3;2012
1636;Fri Mar 28 00:00:00 CET 2014;3;2014
1637;Sun Mar 31 00:00:00 CET 2013;3;2013
1638;Sat Jan 26 00:00:00 CET 2013;1;2013
1639;Mon Sep 06 00:00:00 CEST 2010;9;2010
1640;Mon Jul 30 00:00:00 CEST 2012;7;2012
1641;Sat Sep 04 00:00:00 CEST 2010;9;2010
1642;Sun Apr 25 00:00:00 CEST 2010;4;2010
1643;Thu Dec 23 00:00:00 CET 2010;12;2010
1644;Sat Jul 31 00:00:00 CEST 2010;7;2010
1645;Thu Jun 17 00:00:00 CEST 2010;6;2010
1646;Thu Oct 13 00:00:00 CEST 2011;10;2011
1647;Wed Sep 25 00:00:00 CEST 2013;9;2013
1648;Wed Sep 18 00:00:00 CEST 2013;9;2013
1649;Fri Mar 19 00:00:00 CET 2010;3;2010
1650;Tue May 03 00:00:00 CEST 2011;5;2011
1651;Fri Feb 28 00:00:00 CET 2014;2;2014
1652;Thu May 30 00:00:00 CEST 2013;5;2013
1653;Fri Jul 13 00:00:00 CEST 2012;7;2012
1654;Thu Feb 28 00:00:00 CET 2013;2;2013
1655;Fri Jan 28 00:00:00 CET 2011;1;2011
1656;Mon Aug 29 00:00:00 CEST 2011;8;2011
1657;Sun Oct 09 00:00:00 CEST 2011;10;2011
1658;Thu Apr 08 00:00:00 CEST 2010;4;2010
1659;Sat Nov 26 00:00:00 CET 2011;11;2011
1660;Thu Sep 16 00:00:00 CEST 2010;9;2010
1661;Fri Feb 12 00:00:00 CET 2010;2;2010
1662;Wed Jan 18 00:00:00 CET 2012;1;2012
1663;Tue Jan 22 00:00:00 CET 2013;1;2013
1664;Sun Jun 03 00:00:00 CEST 2012;6;2012
1665;Thu Sep 27 00:00:00 CEST 2012;9;2012
1666;Wed Nov 21 00:00:00 CET 2012;11;2012
1667;Tue May 10 00:00:00 CEST 2011;5;2011
1668;Tue Mar 29 00:00:00 CEST 2011;3;2011
1669;Tue Jul 12 00:00:00 CEST 2011;7;2011
1670;Thu Feb 14 00:00:00 CET 2013;2;2013
1671;Fri Sep 09 00:00:00 CEST 2011;9;2011
1672;Fri Sep 17 00:00:00 CEST 2010;9;2010
1673;Sun Jan 27 00:00:00 CET 2013;1;2013
1674;Fri Aug 20 00:00:00 CEST 2010;8;2010
1675;Sun Sep 23 00:00:00 CEST 2012;9;2012
1676;Sat Aug 04 00:00:00 CEST 2012;8;2012
1677;Tue Jan 18 00:00:00 CET 2011;1;2011
1678;Fri Jun 28 00:00:00 CEST 2013;6;2013
1679;Wed Oct 05 00:00:00 CEST 2011;10;2011
1680;Mon Oct 25 00:00:00 CEST 2010;10;2010
1681;Sat Jul 07 00:00:00 CEST 2012;7;2012
1682;Sun Aug 29 00:00:00 CEST 2010;8;2010
1683;Fri Jul 09 00:00:00 CEST 2010;7;2010
1684;Sun Feb 12 00:00:00 CET 2012;2;2012
1685;Tue Apr 16 00:00:00 CEST 2013;4;2013
1686;Tue Aug 31 00:00:00 CEST 2010;8;2010
1687;Sat Aug 25 00:00:00 CEST 2012;8;2012
1688;Mon Jan 30 00:00:00 CET 2012;1;2012
1689;Wed Jul 04 00:00:00 CEST 2012;7;2012
1690;Wed Oct 26 00:00:00 CEST 2011;10;2011
1691;Sun Jan 22 00:00:00 CET 2012;1;2012
1692;Tue Sep 21 00:00:00 CEST 2010;9;2010
1693;Sun Mar 09 00:00:00 CET 2014;3;2014
1694;Thu May 23 00:00:00 CEST 2013;5;2013
1695;Fri Jul 23 00:00:00 CEST 2010;7;2010
1696;Sat Jun 08 00:00:00 CEST 2013;6;2013
1697;Tue May 20 00:00:00 CEST 2014;5;2014
1698;Tue Dec 31 00:00:00 CET 2013;12;2013
1699;Fri Mar 18 00:00:00 CET 2011;3;2011
1700;Sat Jan 28 00:00:00 CET 2012;1;2012
1701;Fri Oct 28 00:00:00 CEST 2011;10;2011
1702;Sun May 22 00:00:00 CEST 2011;5;2011
1703;Tue Jan 11 00:00:00 CET 2011;1;2011
1704;Tue Feb 07 00:00:00 CET 2012;2;2012
1705;Wed Aug 10 00:00:00 CEST 2011;8;2011
1706;Mon May 20 00:00:00 CEST 2013;5;2013
1707;Thu Aug 30 00:00:00 CEST 2012;8;2012
1708;Sun Apr 17 00:00:00 CEST 2011;4;2011
1709;Sun Jul 14 00:00:00 CEST 2013;7;2013
1710;Sun Sep 08 00:00:00 CEST 2013;9;2013
1711;Thu Sep 09 00:00:00 CEST 2010;9;2010
1712;Sun Jul 18 00:00:00 CEST 2010;7;2010
1713;Fri Jan 27 00:00:00 CET 2012;1;2012
1714;Sun Aug 21 00:00:00 CEST 2011;8;2011
1715;Thu Sep 19 00:00:00 CEST 2013;9;2013
1716;Wed May 26 00:00:00 CEST 2010;5;2010
1717;Sat Jun 29 00:00:00 CEST 2013;6;2013
1718;Sun Apr 27 00:00:00 CEST 2014;4;2014
1719;Tue Nov 15 00:00:00 CET 2011;11;2011
1720;Tue Jan 26 00:00:00 CET 2010;1;2010
1721;Thu Feb 04 00:00:00 CET 2010;2;2010
1722;Wed Nov 10 00:00:00 CET 2010;11;2010
1723;Mon Sep 23 00:00:00 CEST 2013;9;2013
1724;Thu Nov 29 00:00:00 CET 2012;11;2012
1725;Wed Nov 02 00:00:00 CET 2011;11;2011
1726;Fri Jun 20 00:00:00 CEST 2014;6;2014
1727;Sat Sep 28 00:00:00 CEST 2013;9;2013
1728;Fri Jul 04 00:00:00 CEST 2014;7;2014
1729;Fri Feb 11 00:00:00 CET 2011;2;2011
1730;Thu May 13 00:00:00 CEST 2010;5;2010
1731;Wed Mar 27 00:00:00 CET 2013;3;2013
1732;Sat Jul 13 00:00:00 CEST 2013;7;2013
1733;Sun Aug 04 00:00:00 CEST 2013;8;2013
1734;Sun Oct 07 00:00:00 CEST 2012;10;2012
1735;Wed Apr 28 00:00:00 CEST 2010;4;2010
1736;Mon Mar 03 00:00:00 CET 2014;3;2014
1737;Sat Aug 24 00:00:00 CEST 2013;8;2013
1738;Sun Jun 27 00:00:00 CEST 2010;6;2010
1739;Sun May 18 00:00:00 CEST 2014;5;2014
1740;Sat May 03 00:00:00 CEST 2014;5;2014
1741;Thu Apr 12 00:00:00 CEST 2012;4;2012
1742;Sun Oct 31 00:00:00 CEST 2010;10;2010
1743;Thu May 09 00:00:00 CEST 2013;5;2013
1744;Fri Feb 04 00:00:00 CET 2011;2;2011
1745;Tue Nov 23 00:00:00 CET 2010;11;2010
1746;Tue Apr 23 00:00:00 CEST 2013;4;2013
1747;Fri Jan 06 00:00:00 CET 2012;1;2012
1748;Thu Feb 13 00:00:00 CET 2014;2;2014
1749;Sat Feb 15 00:00:00 CET 2014;2;2014
1750;Thu Jul 14 00:00:00 CEST 2011;7;2011
1751;Tue Apr 03 00:00:00 CEST 2012;4;2012
1752;Fri Jan 20 00:00:00 CET 2012;1;2012
1753;Sun Nov 02 00:00:00 CET 2014;11;2014
1754;Sun Feb 17 00:00:00 CET 2013;2;2013
1755;Wed Oct 01 00:00:00 CEST 2014;10;2014
1756;Thu Sep 11 00:00:00 CEST 2014;9;2014
1757;Fri Jun 07 00:00:00 CEST 2013;6;2013
1758;Sat Jul 26 00:00:00 CEST 2014;7;2014
1759;Wed Aug 22 00:00:00 CEST 2012;8;2012
1760;Sun Oct 21 00:00:00 CEST 2012;10;2012
1761;Wed Dec 19 00:00:00 CET 2012;12;2012
1762;Wed May 18 00:00:00 CEST 2011;5;2011
1763;Thu Mar 31 00:00:00 CEST 2011;3;2011
1764;Tue Feb 23 00:00:00 CET 2010;2;2010
1765;Thu Mar 18 00:00:00 CET 2010;3;2010
1766;Sun Jul 04 00:00:00 CEST 2010;7;2010
1767;Tue Nov 06 00:00:00 CET 2012;11;2012
1768;Wed Apr 16 00:00:00 CEST 2014;4;2014
1769;Tue Oct 25 00:00:00 CEST 2011;10;2011
1770;Sat Oct 01 00:00:00 CEST 2011;10;2011
1771;Wed Dec 04 00:00:00 CET 2013;12;2013
1772;Fri Dec 07 00:00:00 CET 2012;12;2012
1773;Tue Mar 22 00:00:00 CET 2011;3;2011
1774;Fri Jan 11 00:00:00 CET 2013;1;2013
1775;Mon Jun 20 00:00:00 CEST 2011;6;2011
1776;Thu Jul 17 00:00:00 CEST 2014;7;2014
1777;Tue Jun 03 00:00:00 CEST 2014;6;2014
1778;Wed Mar 03 00:00:00 CET 2010;3;2010
1779;Mon Mar 17 00:00:00 CET 2014;3;2014
1780;Tue Jan 24 00:00:00 CET 2012;1;2012
1781;Wed Oct 15 00:00:00 CEST 2014;10;2014
1782;Thu Jun 16 00:00:00 CEST 2011;6;2011
1783;Wed Aug 25 00:00:00 CEST 2010;8;2010
1784;Sat Jan 25 00:00:00 CET 2014;1;2014
1785;Sun Oct 26 00:00:00 CEST 2014;10;2014
1786;Thu Nov 06 00:00:00 CET 2014;11;2014
1787;Sat Mar 17 00:00:00 CET 2012;3;2012
1788;Tue Oct 07 00:00:00 CEST 2014;10;2014
1789;Sat May 25 00:00:00 CEST 2013;5;2013
1790;Mon Jan 13 00:00:00 CET 2014;1;2014
1791;Mon Oct 27 00:00:00 CET 2014;10;2014
1792;Tue Dec 09 00:00:00 CET 2014;12;2014
1793;Thu May 29 00:00:00 CEST 2014;5;2014
1794;Sun Apr 15 00:00:00 CEST 2012;4;2012
1795;Thu Sep 26 00:00:00 CEST 2013;9;2013
1796;Wed Dec 08 00:00:00 CET 2010;12;2010
1797;Tue Oct 01 00:00:00 CEST 2013;10;2013
1798;Fri May 11 00:00:00 CEST 2012;5;2012
1799;Fri Sep 14 00:00:00 CEST 2012;9;2012
1800;Wed Nov 14 00:00:00 CET 2012;11;2012
1801;Sat Jan 18 00:00:00 CET 2014;1;2014
1802;Mon Oct 17 00:00:00 CEST 2011;10;2011
1803;Thu Jul 11 00:00:00 CEST 2013;7;2013
1804;Mon Jul 09 00:00:00 CEST 2012;7;2012
1805;Mon Oct 29 00:00:00 CET 2012;10;2012
1806;Mon May 07 00:00:00 CEST 2012;5;2012
1807;Sat May 07 00:00:00 CEST 2011;5;2011
1808;Sun Feb 10 00:00:00 CET 2013;2;2013
1809;Wed May 16 00:00:00 CEST 2012;5;2012
1810;Fri Dec 21 00:00:00 CET 2012;12;2012
1811;Sun Aug 12 00:00:00 CEST 2012;8;2012
1812;Fri Mar 22 00:00:00 CET 2013;3;2013
1813;Wed Dec 05 00:00:00 CET 2012;12;2012
1814;Mon Dec 08 00:00:00 CET 2014;12;2014
